pixel_accuracy,pixel_precision,pixel_recall,pixel_f1,pixel_iou,gt_pixels,pred_pixels,bbox_precision,bbox_recall,bbox_f1,gt_boxes,pred_boxes,matched_boxes,false_positives,false_negatives,filename
0.9539203125,0.0,0.0,0.0,0.0,2456,27035,0.0,0.0,0.0,3,21,0,21,3,DSC04167.JPG
0.940178125,0.48581059040991625,0.2366274759029764,0.3182449517432957,0.1892338316886197,37764,18394,0.6363636363636364,0.2692307692307692,0.37837837833659604,52,22,14,8,38,IMG_2165.JPG
0.945315625,0.16487240125657407,0.29177337747517024,0.21069012178619756,0.11774937608712092,16009,28331,0.06666666666666667,0.3333333333333333,0.11111111108333332,9,45,3,42,6,DSC04198.JPG
0.9423734375,0.024236667119012078,0.49012074643249176,0.04618925698916389,0.023640599354053052,1822,36845,0.0,0.0,0.0,5,21,0,21,5,IMG_2159.JPG
0.9170390625,0.05812751292360712,0.43765316419201383,0.10262477394493552,0.05408775899235716,6937,52230,0.09259259259259259,0.21739130434782608,0.1298701298282341,23,54,5,49,18,DSC04359.JPG
0.86103125,0.19654802634938467,0.3718840579710145,0.2571743560618715,0.14756172366201503,41400,78332,0.047619047619047616,0.05555555555555555,0.051282051232347144,18,21,1,20,17,IMG_4919.JPG
0.9922390625,0.7311659893716786,0.5902839116719243,0.6532151085666411,0.4850181441161223,7925,6398,0.631578947368421,0.6,0.6153846153346483,20,19,12,7,8,DSC04365.JPG
0.861221875,0.057053042877917653,0.1362376793293346,0.08042573457851035,0.04189769368514164,28509,68077,0.06060606060606061,0.06896551724137931,0.06451612898246618,29,33,2,31,27,IMG_4931.JPG
0.9975984375,0.01838235294117647,0.11013215859030837,0.0315059861373661,0.016005121638924456,227,1360,0.0,0.0,0.0,1,7,0,7,1,IMG_2398.JPG
0.990440625,0.46096256684491976,0.07129859387923904,0.12349570200573066,0.06581157428615056,6045,935,0.0,0.0,0.0,8,1,0,1,8,IMG_4925.JPG
0.996846875,0.14425116673737803,0.9970674486803519,0.2520385470719051,0.1441899915182358,341,2357,0.16666666666666666,1.0,0.2857142856897959,1,6,1,5,0,IMG_2401.JPG
0.9326640625,0.21457947568463112,0.7972914252607184,0.3381505997266291,0.20347848587904777,13808,51305,0.06896551724137931,0.21052631578947367,0.10389610385893067,19,58,4,54,15,IMG_4716.JPG
0.9800375,0.12222991689750692,0.9458735262593784,0.21648472954740586,0.12138092290764046,1866,14440,0.15,0.6,0.23999999996799998,5,20,3,17,2,IMG_4702.JPG
0.9369171875,0.13650442477876107,0.06065869244633787,0.0839931934203063,0.04383762788935203,30515,13560,0.038461538461538464,0.034482758620689655,0.03636363631378513,29,26,1,25,28,IMG_4879.JPG
0.9517734375,0.1413625014861491,0.7063716025545819,0.23557966168858507,0.13351674573987254,6733,33644,0.1,0.3333333333333333,0.15384615381065087,21,70,7,63,14,DSC04211.JPG
0.927246875,0.02061879797790676,0.157433881343817,0.03646221339293105,0.01856965200345678,5596,42728,0.0,0.0,0.0,6,36,0,36,6,IMG_4851.JPG
0.9587828125,0.21149519329106156,0.09972512899647973,0.13553989841061773,0.07269659366541287,20737,9778,0.09090909090909091,0.05263157894736842,0.06666666662022222,19,11,1,10,18,IMG_4689.JPG
0.97970625,0.0776812440680441,0.7498238195912614,0.14077798359354327,0.07571875889553088,1419,13697,0.12903225806451613,0.5714285714285714,0.2105263157594183,7,31,4,27,3,DSC04205.JPG
0.8362734375,9.543259595747523e-06,1.0,1.908633704562589e-05,9.543259595747523e-06,1,104786,0.0,0.0,0.0,0,34,0,34,0,IMG_4662.JPG
0.909725,0.0,0.0,0.0,0.0,0,57776,0.0,0.0,0.0,0,26,0,26,0,IMG_4676.JPG
0.9721078125,0.0,0.0,0.0,0.0,3080,14771,0.0,0.0,0.0,3,20,0,20,3,IMG_4886.JPG
0.9421640625,0.0557638646668992,0.07687684077658231,0.06464003234528592,0.03339948817047057,16637,22936,0.15,0.12,0.13333333328395058,25,20,3,17,22,IMG_4892.JPG
0.8999171875,0.00010927255697783329,1.0,0.00021852123558150063,0.00010927255697783329,7,64060,0.0,0.0,0.0,0,28,0,28,0,DSC03998.JPG
0.957615625,0.28583098591549294,0.851258389261745,0.4279628848587094,0.2722345934054141,11920,35500,0.11428571428571428,0.36363636363636365,0.17391304344187145,11,35,4,31,7,DSC04013.JPG
0.976734375,0.0,0.0,0.0,0.0,13904,986,0.0,0.0,0.0,15,4,0,4,15,DSC04007.JPG
0.9175421875,0.02174737400932843,0.49333333333333335,0.04165834347249714,0.02127225519287834,2325,52742,0.017543859649122806,0.16666666666666666,0.03174603172879818,6,57,1,56,5,IMG_5018.JPG
0.9474328125,0.11309879450321583,0.2767933941166351,0.16058284887347488,0.08730094137435229,11626,28453,0.23076923076923078,0.17142857142857143,0.19672131142649826,35,26,6,20,29,IMG_5024.JPG
0.99745625,0.0,0.0,0.0,0.0,2,1626,0.0,0.0,0.0,0,5,0,5,0,DSC03967.JPG
0.9816734375,0.0,0.0,0.0,0.0,0,11729,0.0,0.0,0.0,0,35,0,35,0,DSC03973.JPG
0.9938921875,0.7644178987564868,0.8385606874328679,0.7997746248015162,0.6663537043359509,9310,10213,0.6764705882352942,0.8518518518518519,0.7540983606063961,27,34,23,11,4,IMG_5030.JPG
0.91816875,0.01831728656465982,0.22128378378378377,0.03383389292698225,0.017208054195049637,4144,50062,0.0,0.0,0.0,5,55,0,55,5,IMG_2039.JPG
0.9934890625,0.7119164030294315,0.8646949231485794,0.7809033072190967,0.6405589579918917,8588,10431,0.7647058823529411,0.9629629629629629,0.852459016344101,27,34,26,8,1,IMG_5031.JPG
0.97131875,0.0,0.0,0.0,0.0,0,18356,0.0,0.0,0.0,0,55,0,55,0,DSC03972.JPG
0.9265421875,0.09072799009747795,1.0,0.16636226615834737,0.09072799009747795,4691,51704,0.04918032786885246,0.42857142857142855,0.0882352940991782,7,61,3,58,4,IMG_2038.JPG
0.9528234375,3.32016335203692e-05,0.013157894736842105,6.62361318099023e-05,3.311916274756574e-05,76,30119,0.0,0.0,0.0,0,50,0,50,0,DSC03966.JPG
0.9499953125,0.1109587009713057,0.2717203812982297,0.15757192871620732,0.08552405989255915,11015,26974,0.2,0.19230769230769232,0.19607843132256822,26,25,5,20,21,IMG_5025.JPG
0.9611234375,0.06050552922590837,0.5836190476190476,0.10964394346036858,0.05800174156665278,2625,25320,0.03333333333333333,0.25,0.05882352939100346,8,60,2,58,6,IMG_2004.JPG
0.9221265625,0.0,0.0,0.0,0.0,863,48976,0.0,0.0,0.0,3,58,0,58,3,IMG_5019.JPG
0.9783453125,0.4928948436865611,0.7152220340231239,0.5836012378691825,0.4120317339103135,13579,19704,0.14285714285714285,0.3333333333333333,0.199999999958,15,35,5,30,10,DSC04006.JPG
0.956553125,0.26546377220186074,0.8431232091690545,0.4037909001243621,0.2529686744398474,11168,35470,0.11764705882352941,0.2857142857142857,0.1666666666253472,14,34,4,30,10,DSC04012.JPG
0.9115046875,0.0,0.0,0.0,0.0,0,56637,0.0,0.0,0.0,0,22,0,22,0,DSC03999.JPG
0.9393703125,0.08330728352610191,0.12200286123032904,0.09900852160586993,0.05208256992793453,17475,25592,0.12,0.12,0.11999999994999999,25,25,3,22,22,IMG_4893.JPG
0.9733734375,0.12536473530637765,0.9041713641488163,0.22019859973459022,0.12372088239831336,2661,19192,0.0967741935483871,1.0,0.17647058821920417,3,31,3,28,0,IMG_4887.JPG
0.8774984375,0.0,0.0,0.0,0.0,0,78401,0.0,0.0,0.0,0,70,0,70,0,IMG_4677.JPG
0.863053125,0.47388478745144247,0.9758008466544512,0.6379551068628504,0.46838038164327395,79135,162951,0.2857142857142857,0.10526315789473684,0.15384615380680472,38,14,4,10,34,IMG_2560.JPG
0.9617625,0.2733936135059629,0.9697389451251998,0.42653606411398043,0.27108092812676854,9385,33289,0.17142857142857143,0.46153846153846156,0.2499999999605035,13,35,6,29,7,IMG_4688.JPG
0.9430265625,0.005496564647095565,0.03670490093847758,0.009561320114083933,0.004803624553071864,4795,32020,0.0,0.0,0.0,7,30,0,30,7,IMG_4850.JPG
0.986596875,0.13489550348321722,0.7698795180722892,0.22956709179091073,0.1296672077922078,1660,9474,0.1,0.2857142857142857,0.14814814810973936,7,20,2,18,5,DSC04204.JPG
0.9378796875,0.04316310920084505,0.08076058065835208,0.05625845657179481,0.028943383322749254,14673,27454,0.07142857142857142,0.11764705882352941,0.08888888884187654,17,28,2,26,15,DSC04210.JPG
0.9425796875,0.0010555444612444012,0.020903954802259886,0.002009613556744426,0.0010058174305442287,1770,35053,0.0,0.0,0.0,3,18,0,18,3,IMG_4844.JPG
0.9833015625,0.003937007874015748,0.010782608695652174,0.005767978416596892,0.0028923306587049823,2875,7874,0.0,0.0,0.0,8,9,0,9,8,IMG_4878.JPG
0.9689921875,0.031596588948587766,0.763095238095238,0.060680645619349646,0.03128966123206092,840,20287,0.0,0.0,0.0,3,38,0,38,3,IMG_2428.JPG
0.976228125,0.10995752713544124,0.9366834170854271,0.19681131876253827,0.10914627005504157,1990,16952,0.21739130434782608,1.0,0.3571428571135204,5,23,5,18,0,IMG_4703.JPG
0.9239921875,0.18133508690861266,0.7980445834962847,0.2955207020897597,0.17337887438825447,12785,56266,0.07017543859649122,0.2,0.10389610385764884,20,57,4,53,16,IMG_4717.JPG
0.98985,0.34679433805162363,0.5827891791044776,0.4348355663824604,0.27782101167315176,4288,7206,0.3611111111111111,0.6842105263157895,0.4727272726820496,19,36,13,23,6,DSC04370.JPG
0.929309375,0.04623888488344148,0.2572192513368984,0.07838663678957018,0.04079209600135691,7480,41610,0.05263157894736842,0.09523809523809523,0.06779661012364263,21,38,2,36,19,DSC04364.JPG
0.8763671875,0.10038718644516513,0.19683353340038284,0.13296222838295402,0.07121560709925814,30823,60436,0.03333333333333333,0.030303030303030304,0.03174603169614513,33,30,1,29,32,IMG_4930.JPG
0.8915484375,0.13933641599740407,0.3442084168336673,0.19837154241496796,0.11010679897944793,24950,61635,0.04,0.05,0.04444444439506173,20,25,1,24,19,IMG_4918.JPG
0.90614375,0.013528616944968055,0.4652897303499713,0.026292754093045875,0.013321506595049196,1743,59947,0.01818181818181818,0.3333333333333333,0.0344827586108799,3,55,1,54,2,DSC04358.JPG
0.95591875,0.1240409663490704,0.4867665593054194,0.1977021954271414,0.10969452158545821,7141,28023,0.10810810810810811,0.36363636363636365,0.16666666663133684,11,37,4,33,7,IMG_2158.JPG
0.974184375,0.3519340235758146,0.7919314170448815,0.48730838453422703,0.322146549602035,9915,22311,0.23076923076923078,0.75,0.35294117643460204,8,26,6,20,2,IMG_2164.JPG
0.958709375,0.023137799794599165,0.03599962402481436,0.028170050014710207,0.014286247155805886,10639,16553,0.025,0.25,0.045454545438016525,4,40,1,39,3,DSC04199.JPG
0.9551328125,0.0,0.0,0.0,0.0,2388,26327,0.0,0.0,0.0,2,22,0,22,2,DSC04166.JPG
0.9903703125,0.16553820643913222,0.9062027231467473,0.27993924523892977,0.16274962640945523,1322,7237,0.13636363636363635,1.0,0.23999999997888,3,22,3,19,0,DSC04158.JPG
0.946046875,0.00982212373480266,0.18303571428571427,0.018643778775649406,0.009409604681852085,1792,33394,0.0,0.0,0.0,2,29,0,29,2,DSC04170.JPG
0.9155078125,0.0005372424114509383,0.013909587680079483,0.001034527350316824,0.0005175313753396299,2013,52118,0.0,0.0,0.0,1,33,0,33,1,DSC04164.JPG
0.9904578125,0.2810304449648712,0.04186289900575615,0.07287080613329285,0.03781314006617299,5733,854,0.0,0.0,0.0,7,2,0,2,7,IMG_4926.JPG
0.879528125,0.018157425136441196,0.44722489573307667,0.03489798472900238,0.017758866693844272,3117,76773,0.06796116504854369,0.6363636363636364,0.12280701752642352,11,103,7,96,4,DSC04414.JPG
0.9078203125,0.1928834355828221,0.19397828232971373,0.1934293097083795,0.10706988148753575,36468,36675,0.09090909090909091,0.0967741935483871,0.09374999995004883,31,33,3,29,28,IMG_4932.JPG
0.981028125,0.22034008730210436,0.9508012369974698,0.3577700200994393,0.2178562226230353,3557,15349,0.25,0.4166666666666667,0.312499999953125,12,20,5,15,7,IMG_2416.JPG
0.9819375,0.13040509786071916,0.9465859030837004,0.22923056407521003,0.12945251901498606,1816,13182,0.18181818181818182,0.8,0.296296296266118,5,22,4,18,1,IMG_4701.JPG
0.96095625,0.3441061730283791,0.5343905915894511,0.4186403610813829,0.26473444166544063,16836,26146,0.1794871794871795,0.2916666666666667,0.2222222221750567,24,39,7,32,17,IMG_4715.JPG
0.9016921875,0.202736579695531,0.7073194566598261,0.3151443903819569,0.18704534001783107,20466,71403,0.17045454545454544,0.38461538461538464,0.23622047239838798,39,88,15,73,24,DSC04399.JPG
0.9769140625,0.07054103028734145,0.7252162341982701,0.12857564140371572,0.06870469587141506,1503,15452,0.037037037037037035,0.16666666666666666,0.06060606057630854,6,27,1,26,5,DSC04206.JPG
0.9449453125,0.042731689652050577,0.2872210953346856,0.07439514540152889,0.038634689367275106,4930,33137,0.034482758620689655,0.14285714285714285,0.05555555552422839,7,29,1,28,6,IMG_4852.JPG
0.9602,0.013258707819377276,0.03228794495170041,0.018798151001540832,0.009488256338466325,7557,18403,0.02564102564102564,0.05,0.033898305039931055,20,39,1,38,19,DSC04212.JPG
0.9060984375,0.0,0.0,0.0,0.0,0,60097,0.0,0.0,0.0,0,34,0,34,0,IMG_4675.JPG
0.9751875,0.02545189268055443,0.07528170702469432,0.0380421613763024,0.019389897492898604,4171,12337,0.05263157894736842,0.058823529411764705,0.055555555505709876,17,19,1,18,16,IMG_1719.jpg
0.94855625,0.0,0.0,0.0,0.0,0,32924,0.0,0.0,0.0,0,29,0,29,0,IMG_4661.JPG
0.937778125,0.0,0.0,0.0,0.0,0,39822,0.0,0.0,0.0,0,23,0,23,0,IMG_4649.JPG
0.9436484375,0.06706609972941631,0.07649490217690824,0.07147086841224479,0.0370597815929298,18145,20696,0.15789473684210525,0.11538461538461539,0.13333333328454322,26,19,3,16,23,IMG_4891.JPG
0.9730171875,0.0,0.0,0.0,0.0,2920,14349,0.0,0.0,0.0,3,21,0,21,3,IMG_4885.JPG
0.9475,0.2623582180682432,0.836164957712746,0.3993993993993994,0.24953095684803,13361,42583,0.1935483870967742,0.5714285714285714,0.28915662646822465,21,62,12,50,9,DSC04038.JPG
0.9693515625,0.3052072518169475,0.7752307536261284,0.43798171972149796,0.2803947464964414,9859,25042,0.13725490196078433,0.3684210526315789,0.19999999996044898,19,51,7,44,12,DSC04004.JPG
0.98036875,0.4434606161224866,0.6724475524475525,0.5344597598932859,0.36468446601941745,10725,16263,0.16666666666666666,0.5,0.2499999999625,14,42,7,35,7,DSC04010.JPG
0.9882296875,0.0,0.0,0.0,0.0,0,7533,0.0,0.0,0.0,0,28,0,28,0,DSC03958.JPG
0.994765625,0.0,0.0,0.0,0.0,0,3350,0.0,0.0,0.0,0,12,0,12,0,DSC03970.JPG
0.9328625,0.2004084179476998,0.10902638481715785,0.14122396770196266,0.07597686071267284,32405,17629,0.043478260869565216,0.06666666666666667,0.05263157889958449,15,23,1,22,14,IMG_5033.JPG
0.99045,0.817879721186578,0.7230581828604185,0.76755153266905,0.622785903844967,13956,12338,0.7391304347826086,0.85,0.790697674368848,20,23,17,6,3,IMG_5027.JPG
0.9701578125,0.0,0.0,0.0,0.0,0,19099,0.0,0.0,0.0,0,65,0,65,0,DSC03964.JPG
0.9672859375,0.0,0.0,0.0,0.0,0,20937,0.0,0.0,0.0,0,76,0,76,0,DSC03965.JPG
0.9935078125,0.7972110612148429,0.949138234259585,0.8665660425832558,0.7645492151640505,14215,16924,0.8148148148148148,0.9565217391304348,0.8799999999503201,23,27,22,5,1,IMG_5026.JPG
0.9941890625,0.731986956979068,0.8559655596555965,0.7891364744571072,0.6517138040831616,8130,9507,0.6388888888888888,0.8846153846153846,0.7419354838222684,26,36,23,13,3,IMG_5032.JPG
0.966734375,0.0,0.0,0.0,0.0,0,21290,0.0,0.0,0.0,0,67,0,67,0,DSC03971.JPG
0.9907140625,0.0,0.0,0.0,0.0,1,5942,0.0,0.0,0.0,0,26,0,26,0,DSC03959.JPG
0.97141875,0.1980263157894737,0.9984520123839009,0.3305028914427934,0.19796553689656685,4522,22800,0.25,0.6,0.35294117642906575,10,24,6,18,4,IMG_2013.JPG
0.9779375,0.4689105308219178,0.6762617687914801,0.5538140681286734,0.3829480400297164,12958,18688,0.2,0.32,0.24615384610650887,25,40,8,32,17,DSC04011.JPG
0.968746875,0.297876726448155,0.7085417279592037,0.41942412632067805,0.26536158959856027,10197,24255,0.1,0.22727272727272727,0.13888888884645062,22,50,5,45,17,DSC04005.JPG
0.9509578125,0.27663310989636153,0.8392615938766321,0.41611012929029856,0.26271405416833055,13326,40429,0.16363636363636364,0.5625,0.2535211267256497,16,55,9,46,7,DSC04039.JPG
0.9496921875,0.09753216883197613,0.0815149625935162,0.08880713173906891,0.04646686015518569,19248,16087,0.06060606060606061,0.07407407407407407,0.06666666661716665,27,33,2,31,25,IMG_4884.JPG
0.935415625,0.04860258539755904,0.5270164447924823,0.08899761967733404,0.046571171545221786,3831,41541,0.1111111111111111,0.3333333333333333,0.16666666662916665,12,36,4,32,8,IMG_4890.JPG
0.9405546875,0.0,0.0,0.0,0.0,0,38045,0.0,0.0,0.0,0,22,0,22,0,IMG_4648.JPG
0.8450328125,0.0,0.0,0.0,0.0,0,99179,0.0,0.0,0.0,0,31,0,31,0,IMG_4660.JPG
0.8854859375,0.0,0.0,0.0,0.0,0,73289,0.0,0.0,0.0,0,24,0,24,0,IMG_4674.JPG
0.9597734375,0.013967632202865683,0.03936092955700799,0.020618556701030927,0.010416666666666666,6885,19402,0.0,0.0,0.0,18,38,0,38,18,DSC04213.JPG
0.975359375,0.038997902011600645,0.7632850241545893,0.07420453211224609,0.03853188635532252,828,16206,0.034482758620689655,0.3333333333333333,0.062499999983007815,3,29,1,28,2,DSC04207.JPG
0.9362953125,0.011455586871533776,0.044314185228604926,0.018205023237893418,0.009186128459986877,8530,32997,0.0,0.0,0.0,4,20,0,20,4,IMG_4853.JPG
0.95165625,0.5621151560980879,0.313086642599278,0.4021718128067396,0.2516990349964931,33240,18514,0.2702702702702703,0.3333333333333333,0.2985074626371129,30,37,10,27,20,IMG_4728.JPG
0.9488234375,0.3231138784411644,0.47416512059369204,0.38433053252880695,0.23787695457930008,21560,31639,0.3541666666666667,0.34,0.34693877546022495,50,48,17,31,33,IMG_2359.JPG
0.9599203125,0.40875297003142486,0.5106036670017713,0.4540365664176404,0.2936916595533772,20889,26094,0.32432432432432434,0.4,0.35820895517442636,30,37,12,25,18,IMG_4714.JPG
0.90410625,0.23591339835373867,0.7352649506316561,0.3572131799995811,0.21744341727765382,23193,72285,0.1935483870967742,0.5142857142857142,0.28124999996026606,35,93,18,75,17,DSC04398.JPG
0.934975,0.06652983896431955,0.14879943502824858,0.09194850534584334,0.04818973995380006,14160,31670,0.02857142857142857,0.09090909090909091,0.043478260833175804,11,35,1,34,10,IMG_4700.JPG
0.876240625,0.1424706943192065,0.23449868073878627,0.177251480211904,0.09724406756479519,36384,59886,0.15384615384615385,0.17391304347826086,0.1632653060726364,23,26,4,22,19,IMG_4933.JPG
0.9907515625,0.0,0.0,0.0,0.0,5026,893,0.0,0.0,0.0,5,4,0,4,5,IMG_4927.JPG
0.94716875,0.0,0.0,0.0,0.0,1610,32202,0.0,0.0,0.0,1,21,0,21,1,DSC04165.JPG
0.97100625,0.054164537557485945,0.9584086799276673,0.10253433933062488,0.05403752039151713,1106,19570,0.0,0.0,0.0,4,33,0,33,4,IMG_2198.JPG
0.9366109375,0.004900970088924818,0.1412964311726147,0.009473350098884196,0.004759217918210141,1373,39584,0.0,0.0,0.0,2,28,0,28,2,DSC04171.JPG
0.9556453125,0.03161528470845581,0.9448416751787538,0.06118331845090452,0.03155704148471616,979,29258,0.06666666666666667,1.0,0.12499999998828125,3,45,3,43,0,DSC04159.JPG
0.9771734375,0.04030558482613277,0.9429892141756548,0.07730689067138255,0.04020760791012417,649,15184,0.05128205128205128,0.6666666666666666,0.09523809522482993,3,39,2,38,1,DSC04161.JPG
0.990209375,0.08828459675917304,0.25691056910569104,0.13141114499584142,0.07032640949554896,1845,5369,0.09090909090909091,0.3333333333333333,0.1428571428234694,6,22,2,20,4,DSC04149.JPG
0.9757140625,0.32443322230579136,0.6704785167092262,0.43727598566308246,0.2798165137614679,9007,18614,0.17391304347826086,0.5,0.2580645160907388,8,23,4,19,4,IMG_2163.JPG
0.9264171875,0.06052735727713466,0.2116965135392335,0.09413891934522092,0.04939442874444893,11559,40428,0.10526315789473684,0.11764705882352941,0.11111111106126542,17,19,2,17,15,IMG_4923.JPG
0.8705515625,0.035093511945472985,0.7445584188141106,0.06702778184439014,0.03467601924891929,3997,84802,0.0392156862745098,0.3333333333333333,0.07017543857765465,12,102,4,98,8,DSC04411.JPG
0.9604765625,0.10592876203735932,0.15594841574856946,0.12616160569316337,0.0673279008886103,11709,17238,0.05,0.05555555555555555,0.05263157889750693,18,20,1,19,17,DSC04377.JPG
0.92594375,0.0673882603960616,0.3580961379473249,0.1134306023194912,0.060125327199175065,8467,44993,0.05128205128205128,0.08695652173913043,0.06451612898558794,23,39,2,37,21,DSC04363.JPG
0.928621875,0.05710077116367732,0.05222697733396735,0.054555238213502215,0.02804255319148936,25236,23082,0.058823529411764705,0.043478260869565216,0.049999999951125,23,17,1,16,22,IMG_4937.JPG
0.9379875,0.12537786445636276,0.5743801652892562,0.20582703005562894,0.11471972519015859,8954,41020,0.21212121212121213,0.25925925925925924,0.23333333328383335,27,33,7,26,20,DSC04439.JPG
0.8813078125,0.0,0.0,0.0,0.0,0,75963,0.0,0.0,0.0,0,11,0,11,0,IMG_4738.JPG
0.9657859375,0.06042152543836918,0.9078520441271901,0.1133022879125329,0.060053228021978024,1541,23154,0.075,0.75,0.13636363634710744,4,40,3,37,1,IMG_4704.JPG
0.9454484375,0.0741934610071241,0.7884283246977547,0.13562427273402491,0.07274513970041432,3474,36917,0.18,0.6,0.27692307688757395,15,50,9,41,6,IMG_4710.JPG
0.9475109375,0.0,0.0,0.0,0.0,2513,31080,0.0,0.0,0.0,4,30,0,30,4,IMG_4857.JPG
0.986634375,0.18631600161225312,0.7942439862542955,0.301828272935031,0.17773719119484763,2328,9924,0.08695652173913043,0.2857142857142857,0.13333333329755556,7,23,2,21,5,DSC04203.JPG
0.9501578125,0.08324774965263095,0.6401858304297329,0.14733634492528935,0.07952676381474534,4305,33106,0.0,0.0,0.0,12,53,0,53,12,DSC04217.JPG
0.92993125,0.0011291883670553533,0.03165374677002584,0.00218058831382671,0.0010914841957543491,1548,43394,0.0,0.0,0.0,5,18,0,18,5,IMG_4843.JPG
0.95781875,0.017145951149079533,0.026041666666666668,0.020677646375970398,0.010446831127891206,10944,16622,0.058823529411764705,0.047619047619047616,0.052631578897922436,21,17,1,16,20,IMG_4894.JPG
0.8691546875,0.0,0.0,0.0,0.0,0,83741,0.0,0.0,0.0,0,60,0,60,0,IMG_4658.JPG
0.9340140625,0.2719914346895075,0.20108919355349397,0.23122713123259242,0.1307274299123132,31583,23350,0.08823529411764706,0.10344827586206896,0.09523809518841017,29,34,3,31,26,IMG_4880.JPG
0.9564875,0.12279204979934907,0.9781021897810219,0.21819202695115103,0.12245541060061764,3973,31647,0.023809523809523808,0.0625,0.03448275858073722,16,42,1,41,15,IMG_2201.JPG
0.924684375,0.0,0.0,0.0,0.0,0,48202,0.0,0.0,0.0,0,50,0,50,0,IMG_4664.JPG
0.99375625,0.0,0.0,0.0,0.0,0,3996,0.0,0.0,0.0,0,5,0,5,0,DSC04001.JPG
0.9642390625,0.3027703121769692,0.7681615525832678,0.43434418328761026,0.27741996590263307,11439,29022,0.1746031746031746,0.55,0.26506024092727537,20,63,11,52,9,DSC04015.JPG
0.97651875,0.056687615057449375,0.8416588124410933,0.10622100630427025,0.05608944161798882,1061,15753,0.06521739130434782,0.75,0.11999999998527999,4,46,3,43,1,DSC04029.JPG
0.9607296875,0.0,0.0,0.0,0.0,0,25133,0.0,0.0,0.0,0,32,0,32,0,DSC03975.JPG
0.9533125,0.0,0.0,0.0,0.0,11733,18147,0.0,0.0,0.0,14,18,0,18,14,IMG_5036.JPG
0.961621875,0.20637556035198407,0.267292667192316,0.2329169269206746,0.13180870241419532,13951,18069,0.13043478260869565,0.09090909090909091,0.10714285709445152,33,23,3,20,30,IMG_5022.JPG
0.99400625,0.0,0.0,0.0,0.0,31,3805,0.0,0.0,0.0,0,14,0,14,0,DSC03961.JPG
0.9784796875,0.04862885957035298,1.0,0.09274751333904223,0.04862885957035298,704,14477,0.0,0.0,0.0,3,9,0,9,3,IMG_2017.JPG
0.987809375,0.0,0.0,0.0,0.0,0,7802,0.0,0.0,0.0,0,25,0,25,0,DSC03948.JPG
0.9740453125,0.2956408588158751,0.9482470784641068,0.45074893363753593,0.290946343962095,7188,23055,0.3142857142857143,0.6111111111111112,0.4150943395777857,18,35,11,24,7,IMG_2002.JPG
0.9663265625,0.0,0.0,0.0,0.0,7,21544,0.0,0.0,0.0,0,57,0,57,0,DSC03960.JPG
0.943428125,0.1045963943478967,0.27147795295506283,0.15101064578155043,0.08167199310099935,11861,30785,0.25,0.16666666666666666,0.199999999952,30,20,5,15,25,IMG_5023.JPG
0.96786875,0.0037784734967073303,0.0030780054524668014,0.0033924590481729184,0.0016991116073595805,11371,9263,0.0,0.0,0.0,15,21,0,21,15,IMG_5037.JPG
0.9719984375,0.0,0.0,0.0,0.0,0,17921,0.0,0.0,0.0,0,38,0,38,0,DSC03974.JPG
0.976534375,0.05768621236133122,0.8560677328316086,0.10808884665637249,0.05713209442491211,1063,15775,0.1111111111111111,1.0,0.19999999998199997,5,45,5,40,0,DSC04028.JPG
0.9583828125,0.28917793370985223,0.855310891757361,0.432222719618,0.27569140401925324,11853,35058,0.11428571428571428,0.3333333333333333,0.17021276591942056,12,35,4,31,8,DSC04014.JPG
0.9942078125,0.0,0.0,0.0,0.0,0,3707,0.0,0.0,0.0,0,11,0,11,0,DSC04000.JPG
0.9317515625,0.0,0.0,0.0,0.0,0,43679,0.0,0.0,0.0,0,62,0,62,0,IMG_4665.JPG
0.9434375,0.12131660675421221,0.9487473704341174,0.2151251029877282,0.1205267121790044,5229,40893,0.058823529411764705,0.11764705882352941,0.07843137250457517,17,34,2,32,15,IMG_2200.JPG
0.9345296875,0.24268570427470218,0.18377499917084011,0.20916142913764793,0.11679524471986848,30151,22832,0.08823529411764706,0.10714285714285714,0.09677419349885535,28,34,3,31,25,IMG_4881.JPG
0.85360625,0.0,0.0,0.0,0.0,0,93692,0.0,0.0,0.0,0,56,0,56,0,IMG_4659.JPG
0.949796875,0.021642124051762607,0.045369504209541625,0.02930513595166163,0.014870458378046911,10690,22410,0.034482758620689655,0.05,0.04081632648229904,20,29,1,28,19,IMG_4895.JPG
0.9604578125,0.10834082060497155,0.6602783481633584,0.1861392506833896,0.10262047445126059,4383,26712,0.046511627906976744,0.18181818181818182,0.07407407404163237,11,43,2,41,9,DSC04216.JPG
0.9519828125,0.0,0.0,0.0,0.0,1390,29341,0.0,0.0,0.0,3,18,0,18,3,IMG_4842.JPG
0.9271453125,0.17589096270723198,0.9248369102770162,0.295568883987249,0.1734120441773476,10577,55614,0.0,0.0,0.0,6,33,0,33,6,IMG_2599.JPG
0.986765625,0.16348660202272963,0.7781637717121588,0.27020506634499397,0.15620641562064155,2015,9591,0.09090909090909091,0.2857142857142857,0.13793103444613553,7,22,2,20,5,DSC04202.JPG
0.94703125,0.07782230205886417,0.8413504631012847,0.14246686228877872,0.07669680793114718,3347,36185,0.16326530612244897,0.5714285714285714,0.25396825393368605,14,49,8,41,6,IMG_4711.JPG
0.9528453125,0.0722574655732632,0.9214680347277032,0.13400671468334815,0.07181521805991266,2534,32315,0.06521739130434782,0.5,0.11538461536420119,6,46,3,43,3,IMG_4705.JPG
0.9105375,0.0,0.0,0.0,0.0,0,57256,0.0,0.0,0.0,0,12,0,12,0,IMG_4739.JPG
0.93721875,0.057480147098012045,0.30955797933409873,0.09695689306423338,0.05094834305690058,6968,37526,0.043478260869565216,0.08333333333333333,0.0571428570977959,24,46,2,44,22,DSC04362.JPG
0.920025,0.04994289274218669,0.05731421535528459,0.05337525429998151,0.02741938548653733,25177,28893,0.05555555555555555,0.038461538461538464,0.04545454540619835,26,18,1,17,25,IMG_4936.JPG
0.94366875,0.1138457260054924,0.23671846765449947,0.15374865029810808,0.08327612073130419,13835,28767,0.041666666666666664,0.05,0.04545454540495868,20,24,1,23,19,IMG_4922.JPG
0.9768734375,0.26656200941915226,0.14356979792001354,0.1866241688190361,0.10291532820170919,11827,6370,0.14285714285714285,0.1,0.1176470587750865,20,14,2,12,18,DSC04376.JPG
0.9904546875,0.07232346241457858,0.23767935121646913,0.1109008877892592,0.05870570107858243,1603,5268,0.0,0.0,0.0,4,20,0,20,4,DSC04148.JPG
0.976459375,0.04054745459196726,0.9083094555873925,0.07762948451083629,0.04038216560509554,698,15636,0.02857142857142857,0.5,0.054054054043827605,2,35,1,34,1,DSC04160.JPG
0.8596328125,0.0019694506148808023,0.06045694200351494,0.00381463533638652,0.001910962480695946,2845,87334,0.0,0.0,0.0,1,27,0,27,1,DSC04162.JPG
0.930759375,0.23396121498575104,0.9832043230611947,0.37797928188428176,0.23302987296202707,13694,57548,0.058823529411764705,0.25,0.09523809520725623,4,17,1,16,3,IMG_2148.JPG
0.989796875,0.0005598059339428998,0.002548853016142736,0.0009179926560587516,0.00045920710240318386,1177,5359,0.0,0.0,0.0,4,17,0,17,4,IMG_2160.JPG
0.9887890625,0.0,0.0,0.0,0.0,479,6696,0.0,0.0,0.0,2,6,0,6,2,DSC04189.JPG
0.9057703125,0.05754387350218134,0.1883074935400517,0.0881503545670351,0.04610736768846288,15480,50657,0.07142857142857142,0.07142857142857142,0.07142857137857142,28,28,2,26,26,IMG_4934.JPG
0.91653125,0.054346986089644514,0.3860828987098545,0.09528164481929344,0.050024007255526116,7286,51760,0.14285714285714285,0.30434782608695654,0.1944444444009645,23,49,7,42,16,DSC04360.JPG
0.8619328125,0.05029060381013884,0.17377155873739017,0.07800582226442263,0.040585878546378434,21511,74328,0.05263157894736842,0.0625,0.05714285709322449,16,19,1,18,15,IMG_4920.JPG
0.946909375,0.07066059908986348,0.08407211281013863,0.07678513205086404,0.039925404763923034,16807,19997,0.047619047619047616,0.034482758620689655,0.03999999995128,29,21,1,20,28,IMG_2389.JPG
0.883278125,0.03307981306698433,0.7509658246656761,0.06336827323336175,0.03272086910357508,3365,76391,0.05102040816326531,0.5555555555555556,0.09345794390982619,9,98,5,93,4,DSC04412.JPG
0.9777984375,0.4355708441799926,0.3653591203306559,0.3973875058314602,0.24796231607917857,12823,10756,0.625,0.3333333333333333,0.43478260865028356,30,16,10,7,20,IMG_4908.JPG
0.9671609375,0.11189993238674781,0.9996224990562477,0.20126933454946225,0.11189520388759772,2649,23664,0.17142857142857143,0.8571428571428571,0.2857142856865079,7,35,6,29,1,IMG_2438.JPG
0.949709375,0.3740164732507039,0.6285878554685772,0.46898303966211313,0.3063212569236406,22611,38001,0.2727272727272727,0.3,0.28571428566439905,30,33,9,24,21,IMG_4713.JPG
0.9829609375,0.04914735461303017,0.9461279461279462,0.0934408512760828,0.04901020319176768,594,11435,0.045454545454545456,0.3333333333333333,0.07999999997888001,3,22,1,21,2,IMG_2376.JPG
0.9523984375,0.09842267248012311,0.5671531498244966,0.16773664799890725,0.0915461458178023,5413,31192,0.16666666666666666,0.5,0.2499999999625,10,30,5,25,5,IMG_4707.JPG
0.9561375,0.03443432194887025,0.17614452884417983,0.05760709010339734,0.029657794676806085,4871,24917,0.0,0.0,0.0,2,15,0,15,2,IMG_4840.JPG
0.938259375,0.0802019613554714,0.18256833419288293,0.11144591859680683,0.059011240236235475,13573,30897,0.05714285714285714,0.2,0.08888888885432097,10,35,2,33,8,IMG_4698.JPG
0.9591984375,0.049797868430724,0.1664363580531245,0.07665924118666242,0.03985733720630952,6513,21768,0.10204081632653061,0.2631578947368421,0.1470588234891436,19,49,5,44,14,DSC04214.JPG
0.96418125,0.002536104262064107,0.004090444267696853,0.0031309793007479564,0.0015679442508710801,8801,14195,0.0,0.0,0.0,4,37,0,37,4,DSC04200.JPG
0.9071625,0.013488499640078155,0.2976550680786687,0.025807509427775044,0.01307243825058552,2644,58346,0.0,0.0,0.0,2,22,0,22,2,IMG_4854.JPG
0.977946875,0.25048889911422983,0.8008458992276573,0.3816158429723098,0.23580053061887488,5438,17386,0.17073170731707318,0.5384615384615384,0.2592592592227023,13,41,7,34,6,DSC04228.JPG
0.930459375,0.02431886279701763,0.011311703886169902,0.01544111140607026,0.007780626463047598,30853,14351,0.0,0.0,0.0,6,46,0,46,6,IMG_4868.JPG
0.951271875,0.0896797590509558,0.08180543874404261,0.08556181093126906,0.04469290856180119,17835,16269,0.10714285714285714,0.10714285714285714,0.10714285709285713,28,28,3,25,25,IMG_4883.JPG
0.9595453125,0.00709574255446732,0.023040726918708423,0.010850047755491882,0.005454615295970499,6163,20012,0.0,0.0,0.0,6,18,0,18,6,IMG_4897.JPG
0.90368125,0.0,0.0,0.0,0.0,0,61644,0.0,0.0,0.0,0,39,0,39,0,IMG_4667.JPG
0.96295625,0.27945655521713836,0.7547832516868472,0.4078921078921079,0.25619627282424545,10819,29221,0.16393442622950818,0.5882352941176471,0.256410256376167,17,61,10,51,7,DSC04016.JPG
0.985428125,0.1844240699757614,0.5244231345519929,0.2728832059878372,0.15799927771758757,3337,9489,0.2,0.3333333333333333,0.249999999953125,12,20,4,16,8,DSC04002.JPG
0.934728125,0.0,0.0,0.0,0.0,0,41774,0.0,0.0,0.0,0,34,0,34,0,DSC03989.JPG
0.9621578125,0.24474795677691843,0.29922210300429186,0.26925746009715473,0.15557337610264635,14912,18231,0.19230769230769232,0.15625,0.17241379305398336,32,26,5,21,27,IMG_5021.JPG
0.9907984375,0.0,0.0,0.0,0.0,0,5889,0.0,0.0,0.0,0,18,0,18,0,DSC03962.JPG
0.9844734375,0.008985398727068513,0.03481624758220503,0.014284297192738816,0.00719352582675592,2068,8013,0.0,0.0,0.0,3,15,0,15,3,IMG_2028.JPG
0.976590625,0.0,0.0,0.0,0.0,0,14982,0.0,0.0,0.0,0,23,0,23,0,DSC03976.JPG
0.985921875,0.4911320080942745,0.9471992653810836,0.6468605471505839,0.4780442590661569,8712,16802,0.15789473684210525,0.3333333333333333,0.21428571424209183,9,19,3,16,6,IMG_2014.JPG
0.9426140625,0.11319440990699756,0.8103970090795799,0.19864283999912724,0.1102739891954747,5617,40214,0.0851063829787234,0.4,0.14035087716405048,10,47,4,43,6,IMG_2000.JPG
0.92675,0.20316704616021528,0.5392857142857143,0.2951435874304616,0.17311932269159538,18200,48310,0.2,0.34285714285714286,0.252631578900831,35,60,12,48,23,IMG_5009.JPG
0.917953125,0.03596986817325801,0.5913312693498453,0.06781466358956151,0.03509739066519662,3230,53100,0.014285714285714285,1.0,0.028169014081729817,1,70,1,69,0,IMG_5008.JPG
0.9855390625,0.5390888140400638,0.8624503686897335,0.6634667830260718,0.49640874959190334,10578,16923,0.35294117647058826,0.5454545454545454,0.42857142852372443,11,17,6,11,5,IMG_2015.JPG
0.9714078125,0.0,0.0,0.0,0.0,0,18299,0.0,0.0,0.0,0,39,0,39,0,DSC03977.JPG
0.9919125,0.0,0.0,0.0,0.0,0,5176,0.0,0.0,0.0,0,16,0,16,0,DSC03963.JPG
0.964009375,0.24002662979464331,0.36386926480863285,0.2892495680078993,0.1690775946033693,12881,19527,0.17391304347826086,0.17391304347826086,0.17391304342826086,23,23,4,19,19,IMG_5020.JPG
0.9624875,0.18370484242890084,0.7463197026022305,0.29483639781472126,0.17290798222344714,6725,27321,0.1875,0.2,0.19354838704682625,15,16,3,13,12,IMG_2029.JPG
0.8891640625,0.0,0.0,0.0,0.0,0,70935,0.0,0.0,0.0,0,35,0,35,0,DSC03988.JPG
0.9838546875,0.2033467671280883,0.6517832069643359,0.30998330550918196,0.1834202623676308,3561,11414,0.20833333333333334,0.38461538461538464,0.2702702702246896,13,24,5,19,8,DSC04003.JPG
0.9633734375,0.28664001102991865,0.7518307567127747,0.41504254735108426,0.2618635261517146,11061,29012,0.13846153846153847,0.4090909090909091,0.20689655168635224,22,65,9,56,13,DSC04017.JPG
0.97935625,0.5896775775407626,0.32776831345826235,0.4213384723195515,0.2668960159804683,14675,8157,0.4666666666666667,0.1891891891891892,0.26923076918971894,37,15,7,8,30,IMG_2203.JPG
0.930853125,0.0,0.0,0.0,0.0,0,44254,0.0,0.0,0.0,0,48,0,48,0,IMG_4666.JPG
0.9468421875,0.012216475953903164,0.029809220985691574,0.017330521937552353,0.008741004049998544,10064,24557,0.0,0.0,0.0,22,27,0,27,22,IMG_4896.JPG
0.947253125,0.024308720753570344,0.022095785228967574,0.023149487817582037,0.01171028748755782,18103,16455,0.029411764705882353,0.04,0.03389830503590923,25,34,1,33,24,IMG_4882.JPG
0.9301515625,0.024910047052311098,0.011623777081786187,0.015851000594412523,0.00798881565807869,30971,14452,0.02127659574468085,0.16666666666666666,0.03773584903652545,6,47,1,46,5,IMG_4869.JPG
0.977475,0.23157711500522224,0.77285050348567,0.3563711045629074,0.21681968816211225,5164,17234,0.20512820512820512,0.6153846153846154,0.3076923076548077,13,39,8,31,5,DSC04229.JPG
0.959765625,0.008525668351501127,0.014569674263711105,0.010756819054936612,0.005407493240633449,9609,16421,0.025,0.25,0.045454545438016525,4,40,1,39,3,DSC04201.JPG
0.902953125,0.012846772739934783,0.2957374575631837,0.024623888941235593,0.012465418004897129,2651,61027,0.0,0.0,0.0,2,22,0,22,2,IMG_4855.JPG
0.95265,0.08181911508058722,0.1137758743754461,0.09518691030693897,0.04997178506489435,14010,19482,0.041666666666666664,0.09090909090909091,0.057142857099755105,11,24,1,23,10,IMG_4699.JPG
0.946478125,0.060333991739989226,0.41379310344827586,0.10531264692054537,0.055583126550868486,4872,33414,0.06666666666666667,0.5,0.11764705880276817,2,15,1,14,1,IMG_4841.JPG
0.950503125,0.08404969472373257,0.6448380330925192,0.14871546812856068,0.0803309624038322,4291,32921,0.04,0.25,0.0689655172175981,8,50,2,48,6,DSC04215.JPG
0.9561375,0.05711775043936731,0.9066523605150214,0.10746534401627877,0.05678381829178147,1864,29588,0.05128205128205128,0.3333333333333333,0.08888888886577777,6,39,2,37,4,IMG_4706.JPG
0.9482546875,0.08052413165823433,0.7867259094695918,0.1460949385039837,0.07880389429763561,3601,35182,0.10204081632653061,0.38461538461538464,0.16129032254750258,13,49,5,44,8,IMG_4712.JPG
0.9971234375,0.613941018766756,0.2277473893585281,0.33224519405150527,0.19921705089169203,2011,746,0.0,0.0,0.0,8,1,0,1,8,IMG_2405.JPG
0.9064828125,0.0747802918837237,0.2202119562035248,0.11164709898624078,0.05912406464189147,17079,50294,0.10810810810810811,0.2222222222222222,0.1454545454105124,18,37,4,33,14,IMG_4909.JPG
0.9609328125,0.1081759502749223,0.15221596165166934,0.12647171854802083,0.06750456867937195,11891,16732,0.06666666666666667,0.05555555555555555,0.06060606055647383,18,15,1,14,17,DSC04375.JPG
0.882721875,0.036877681008709216,0.7461862177801157,0.07028192042808304,0.03642082290262533,3802,76930,0.05,0.5,0.09090909089256198,10,100,5,95,5,DSC04413.JPG
0.9389703125,0.07615916258471449,0.16457623432175741,0.10413082868873139,0.05492511311669772,13793,29806,0.08695652173913043,0.125,0.10256410251571334,16,23,2,21,14,IMG_4921.JPG
0.8893828125,0.11163491634143514,0.18886673422024647,0.14032616483102817,0.07545740665769919,30593,51758,0.0625,0.06896551724137931,0.06557377044192421,29,32,2,30,27,IMG_4935.JPG
0.9222421875,0.05272140701425747,0.37326849395814915,0.0923929893673287,0.04843397453057478,6786,48045,0.15217391304347827,0.30434782608695654,0.20289855068019325,23,46,7,39,16,DSC04361.JPG
0.9942328125,0.0,0.0,0.0,0.0,443,3248,0.0,0.0,0.0,2,5,0,5,2,DSC04188.JPG
0.98716875,0.09202104963732044,0.26141414141414143,0.1361245529139491,0.07303307371035106,2475,7031,0.07142857142857142,0.25,0.11111111107654321,4,14,1,13,3,IMG_2161.JPG
0.9472296875,0.29348578574778356,0.8601911244927346,0.4376508983132691,0.2801236278375786,15278,44779,0.08695652173913043,0.5,0.1481481481229081,4,23,2,21,2,IMG_2149.JPG
0.9462234375,0.001340268691961579,0.01327433628318584,0.0024347120373322513,0.0012188397806088395,3164,31337,0.0,0.0,0.0,6,27,0,27,6,DSC04177.JPG
0.8649796875,0.023790433428021625,0.6365307998774135,0.045866596000750826,0.023471578709458697,3263,87304,0.03125,1.0,0.060606060600183656,1,32,1,31,0,DSC04163.JPG
0.9892515625,0.0,0.0,0.0,0.0,3127,3752,0.0,0.0,0.0,1,5,0,5,1,DSC04138.JPG
0.9794328125,0.0,0.0,0.0,0.0,0,13163,0.0,0.0,0.0,0,18,0,18,0,DSC04104.JPG
0.9993390625,0.13812154696132597,0.3105590062111801,0.19120458891013384,0.10570824524312897,161,362,0.0,0.0,0.0,0,1,0,1,0,IMG_4588.JPG
0.9756765625,0.0,0.0,0.0,0.0,2,15565,0.0,0.0,0.0,0,13,0,13,0,DSC04110.JPG
0.983084375,0.0069193742478941035,0.06955645161290322,0.012586647209047792,0.006333180357962368,992,9972,0.07142857142857142,0.25,0.11111111107654321,4,14,1,13,3,IMG_2112.JPG
0.9884203125,0.015116811726981219,0.006233471854930109,0.008827069680353083,0.004433100483610962,5294,2183,0.0,0.0,0.0,8,2,0,2,8,IMG_4952.JPG
0.982990625,0.0,0.0,0.0,0.0,2419,8467,0.0,0.0,0.0,1,8,0,8,1,DSC04306.JPG
0.9740140625,0.1123928806855636,0.8122270742358079,0.19746175746754813,0.1095465010440649,2519,18204,0.09090909090909091,0.3333333333333333,0.1428571428234694,6,22,2,20,4,IMG_2489.JPG
0.946375,0.036227854135218875,0.08313582497721057,0.05046480743691899,0.025885558583106268,10970,25174,0.0,0.0,0.0,15,31,0,31,15,DSC04312.JPG
0.90896875,0.07001984174416102,0.13142190514649796,0.09136279983779906,0.04786808086420762,22287,41831,0.08695652173913043,0.08695652173913043,0.08695652168913043,23,23,2,21,21,IMG_4946.JPG
0.9765203125,0.0,0.0,0.0,0.0,6744,8283,0.0,0.0,0.0,19,13,0,13,19,IMG_4775.JPG
0.988490625,0.051047120418848166,0.072,0.059739596630074034,0.030789473684210526,3250,4584,0.0,0.0,0.0,4,13,0,13,4,IMG_4761.JPG
0.9600609375,0.2998724440493216,0.5101933447323425,0.3777296297197945,0.23284012125213843,15206,25871,0.3409090909090909,0.5357142857142857,0.41666666661913576,28,44,15,29,13,IMG_4991.JPG
0.9867765625,0.13189017951425555,0.8376928236083165,0.22789891433263387,0.12860378912685339,1491,9470,0.043478260869565216,1.0,0.08333333332534722,1,23,1,22,0,IMG_4749.JPG
0.9602359375,0.11188056990406993,0.1674027518260574,0.13412269061957743,0.07188183807439825,11774,17617,0.05714285714285714,0.2222222222222222,0.09090909087654957,9,35,2,33,7,IMG_4985.JPG
0.8931203125,0.14243017256715887,0.2838503811380961,0.18968192856719776,0.1047782329306757,28205,56210,0.07142857142857142,0.08333333333333333,0.07692307687337277,24,28,2,26,22,DSC04272.JPG
0.859396875,0.13673929376408714,0.3260559317401998,0.1926755306741311,0.10660815694372741,32933,78529,0.03333333333333333,0.04,0.03636363631404959,25,30,1,29,24,DSC04266.JPG
0.987296875,0.23134044173648133,0.9774738535800482,0.3741339491916859,0.23011363636363635,2486,10504,0.06666666666666667,0.25,0.10526315786149584,4,15,1,14,3,IMG_4832.JPG
0.9459703125,0.14750413713043692,0.9893969516235918,0.2567332287255766,0.14727133732830264,6036,40487,0.16,1.0,0.27586206894173604,8,50,8,42,0,IMG_2270.JPG
0.8831078125,0.006550971152741065,0.07457072771872444,0.012043896834515273,0.006058431982143569,6115,69608,0.0,0.0,0.0,3,26,0,26,3,DSC04299.JPG
0.983259375,0.0,0.0,0.0,0.0,0,10714,0.0,0.0,0.0,0,42,0,42,0,IMG_2264.JPG
0.961553125,0.0,0.0,0.0,0.0,0,24606,0.0,0.0,0.0,0,54,0,54,0,IMG_4629.JPG
0.9256984375,0.0,0.0,0.0,0.0,0,47553,0.0,0.0,0.0,0,31,0,31,0,DSC04058.JPG
0.9814578125,0.12276902397132403,0.9319727891156463,0.21695809963708348,0.12167863222559396,1764,13391,0.03333333333333333,1.0,0.06451612902601456,1,30,1,29,0,DSC04070.JPG
0.99174375,0.0,0.0,0.0,0.0,11,5273,0.0,0.0,0.0,0,8,0,8,0,DSC04064.JPG
0.9685640625,0.2102710413694722,0.8741104710267706,0.338995301770871,0.2040905134899913,5902,24535,0.08433734939759036,0.7777777777777778,0.152173913025827,9,83,7,76,2,DSC03938.JPG
0.969909375,0.0,0.0,0.0,0.0,6016,13242,0.0,0.0,0.0,11,16,0,16,11,IMG_5052.JPG
0.98288125,0.056160150476958215,0.09611404920671418,0.0708955223880597,0.0367504835589942,4349,7443,0.0,0.0,0.0,12,12,0,12,12,IMG_2098.JPG
0.9859734375,0.21352569882777278,0.9027830728173847,0.34536571136877414,0.20872631115028648,2623,11090,0.13043478260869565,1.0,0.23076923074881658,3,23,3,20,0,DSC04065.JPG
0.9810796875,0.11197454114860865,0.9322242760320394,0.19993392798149984,0.11107032741154016,1623,13512,0.03571428571428571,1.0,0.06896551723472057,1,28,1,27,0,DSC04071.JPG
0.9661421875,0.0,0.0,0.0,0.0,0,21669,0.0,0.0,0.0,0,17,0,17,0,DSC04059.JPG
0.993234375,0.13057517658930373,0.9671150971599403,0.23008534850640114,0.12999799075748442,669,4955,0.08695652173913043,0.6666666666666666,0.15384615382573963,3,23,2,21,1,IMG_2259.JPG
0.962921875,0.0,0.0,0.0,0.0,0,23730,0.0,0.0,0.0,0,58,0,58,0,IMG_4628.JPG
0.8860640625,0.0031786954165262866,0.042666142351553284,0.005916595094951809,0.0029670750382848393,5086,68267,0.0,0.0,0.0,3,20,0,20,3,DSC04298.JPG
0.979828125,0.0,0.0,0.0,0.0,0,12910,0.0,0.0,0.0,0,51,0,51,0,IMG_2265.JPG
0.9672703125,0.017179872324446115,0.976,0.03376539508279902,0.017172617651198797,375,21304,0.014705882352941176,1.0,0.02898550724352027,1,68,1,67,0,IMG_2271.JPG
0.895921875,0.15400907715582451,0.15595159066537304,0.15497424707583793,0.08399570945295526,39166,39660,0.0,0.0,0.0,27,27,0,27,27,DSC04267.JPG
0.9856578125,0.10588696248408268,0.9549469964664311,0.19063574640684244,0.10536062378167642,1132,10209,0.02857142857142857,0.5,0.054054054043827605,2,35,1,34,1,IMG_4833.JPG
0.9102859375,0.1560469876301504,0.2647092123636638,0.19634684022674784,0.10886064161661312,26497,44948,0.13043478260869565,0.13636363636363635,0.133333333283358,22,23,3,21,19,DSC04273.JPG
0.957796875,0.10155284509161248,0.15518515477461203,0.1227671321857746,0.06539792387543253,12179,18611,0.09090909090909091,0.42857142857142855,0.149999999971125,7,33,3,30,4,IMG_4984.JPG
0.9874984375,0.0,0.0,0.0,0.0,1437,6564,0.0,0.0,0.0,1,17,0,17,1,IMG_4748.JPG
0.9643953125,0.3216999834792665,0.5503426835299936,0.4060471784178287,0.25474228152799583,14153,24212,0.375,0.625,0.468749999953125,24,40,15,25,9,IMG_4990.JPG
0.9888546875,0.0670020580836954,0.08756724447101016,0.07591656950382174,0.039455965526528414,3346,4373,0.07692307692307693,0.25,0.11764705878754325,4,13,1,12,3,IMG_4760.JPG
0.9746375,0.05298793052693553,0.0758320460609465,0.062384473197781884,0.03219651800620081,7121,10191,0.07692307692307693,0.058823529411764705,0.06666666661755555,17,13,1,12,16,IMG_4774.JPG
0.9271671875,0.026131811159697312,0.09579573814551737,0.04106235470797589,0.020961542500682617,10418,38191,0.029411764705882353,0.05263157894736842,0.03773584901060876,19,34,1,33,18,DSC04313.JPG
0.8716171875,0.0018390347552716924,0.07459677419354839,0.0035895756781993914,0.001798014894366625,1984,80477,0.0,0.0,0.0,5,35,0,35,5,IMG_4947.JPG
0.9883484375,0.12005108556832694,0.07405948394721291,0.09160677305396515,0.04800204264011235,5077,3132,0.25,0.125,0.1666666666222222,8,4,1,3,7,IMG_4953.JPG
0.995109375,0.778169014084507,0.1282646546720836,0.22022919780767314,0.12374020156774916,3446,568,1.0,0.125,0.22222222220246912,8,1,1,0,7,DSC04307.JPG
0.9794828125,0.013157894736842105,0.09829867674858223,0.023209105110466415,0.011740799277489276,1587,11856,0.07142857142857142,0.14285714285714285,0.09523809519365078,7,14,1,13,6,IMG_2113.JPG
0.9879578125,0.0,0.0,0.0,0.0,279,7428,0.0,0.0,0.0,2,9,0,9,2,IMG_2107.JPG
0.95236875,0.0,0.0,0.0,0.0,1,30483,0.0,0.0,0.0,0,17,0,17,0,DSC04111.JPG
0.88666875,6.896266361391943e-05,0.1282051282051282,0.00013785117587053017,6.89303389994072e-05,39,72503,0.0,0.0,0.0,0,23,0,23,0,DSC04105.JPG
0.999415625,0.27405857740585776,0.8291139240506329,0.4119496855345912,0.2594059405940594,158,478,0.0,0.0,0.0,0,2,0,2,0,IMG_4589.JPG
0.9548203125,0.0,0.0,0.0,0.0,0,28915,0.0,0.0,0.0,0,18,0,18,0,DSC04113.JPG
0.918475,5.7496598117944685e-05,0.6,0.00011498217776244682,5.749439429655609e-05,5,52177,0.0,0.0,0.0,0,21,0,21,0,DSC04107.JPG
0.97246875,0.0,0.0,0.0,0.0,11494,6126,0.0,0.0,0.0,13,9,0,9,13,IMG_2139.JPG
0.9242640625,0.0,0.0,0.0,0.0,2308,46163,0.0,0.0,0.0,2,16,0,16,2,IMG_4979.JPG
0.893946875,0.102448912507533,0.23053215533182658,0.1418565251472931,0.0763431495291492,24335,54759,0.13043478260869565,0.125,0.1276595744181077,24,23,3,20,21,IMG_4945.JPG
0.8863484375,0.011074577791062622,0.10138185798330825,0.019967932739594983,0.010084651188110727,7309,66910,0.0,0.0,0.0,13,31,0,31,13,DSC04311.JPG
0.98605625,0.0,0.0,0.0,0.0,2394,6530,0.0,0.0,0.0,1,3,0,3,1,DSC04305.JPG
0.9478734375,0.0,0.0,0.0,0.0,1787,31574,0.0,0.0,0.0,3,23,0,23,3,IMG_4951.JPG
0.967753125,0.342485549132948,0.10034931724356938,0.15521899304134262,0.08413952249933435,18894,5536,0.0,0.0,0.0,8,12,0,12,8,IMG_4762.JPG
0.9724125,0.09074522325796983,0.9994327850255247,0.1663833805476865,0.09074055000514986,1763,19417,0.0,0.0,0.0,2,12,0,12,2,IMG_2475.JPG
0.9688,0.16589155480393192,0.428590933915893,0.23919835403490056,0.13584628034794652,7324,18922,0.2727272727272727,0.3157894736842105,0.292682926779536,19,22,6,16,13,IMG_4776.JPG
0.949325,0.06467028943615832,0.17051112691799614,0.09377444953615736,0.049193784813837585,9841,25947,0.07894736842105263,0.15789473684210525,0.10526315785029239,19,38,3,35,16,IMG_4986.JPG
0.9655921875,0.03350606007377481,0.984516129032258,0.06480655709856882,0.03348841292134831,775,22772,0.06060606060606061,1.0,0.11428571427493878,2,33,2,31,0,IMG_2449.JPG
0.9611578125,0.2867990432438589,0.5542999706486645,0.37801185978432206,0.23305463857094375,13628,26339,0.35714285714285715,0.5357142857142857,0.42857142852342855,28,42,15,26,13,IMG_4992.JPG
0.9752265625,0.31566565181289785,0.870278519648989,0.46328831116075964,0.3014803066349458,7863,21678,0.28125,0.5294117647058824,0.36734693873019575,17,32,9,23,8,IMG_4819.JPG
0.8904546875,0.17230655600691946,0.2436108821104699,0.20184656018397296,0.11225213361359435,36390,51449,0.125,0.10344827586206896,0.11320754712025632,29,24,3,21,26,DSC04265.JPG
0.9029234375,0.16515001522997258,0.3218804497050202,0.21829665697857295,0.12252132647873001,26951,52528,0.07407407407407407,0.09523809523809523,0.08333333328411457,21,27,2,25,19,DSC04271.JPG
0.9865609375,0.02433173406442769,0.7802197802197802,0.04719175805915587,0.024166099387338325,273,8754,0.0,0.0,0.0,1,4,0,4,1,IMG_4825.JPG
0.976353125,0.03304508956145769,0.14088215931533904,0.053533458411507195,0.027502891659169772,3038,12952,0.023809523809523808,0.16666666666666666,0.04166666664479166,6,42,1,41,5,IMG_4602.JPG
0.9533515625,0.07490311579600062,0.993421052631579,0.1393029088707585,0.07486597874252425,2432,32255,0.047619047619047616,0.3333333333333333,0.08333333331145833,9,63,3,60,6,IMG_2273.JPG
0.9594765625,0.060385988845644584,0.37419194430631525,0.10399032648125756,0.0548469387755102,4022,24923,0.06451612903225806,0.5,0.11428571426546939,4,31,2,29,2,IMG_2529.JPG
0.9823359375,0.10811244979919679,0.870071105365223,0.19232692719868544,0.10639475140305114,1547,12450,0.12903225806451613,1.0,0.22857142855118368,4,31,4,28,0,DSC04067.JPG
0.98239375,0.0668397688248597,0.8627027027027027,0.12406716417910447,0.06613625062158131,925,11939,0.023255813953488372,1.0,0.0454545454501033,1,43,1,42,0,DSC04073.JPG
0.9764234375,0.2359000337723742,0.7346187554776512,0.3571215542584466,0.21737551867219918,5705,17766,0.23809523809523808,0.45454545454545453,0.31249999995488276,11,21,5,16,6,DSC04098.JPG
0.973990625,0.0,0.0,0.0,0.0,1862,14784,0.0,0.0,0.0,4,9,0,9,4,IMG_5050.JPG
0.9713546875,0.02219919275662703,0.5006150061500615,0.04251318744450828,0.021718249733191034,813,18334,0.058823529411764705,0.5,0.10526315787590027,2,17,1,16,1,IMG_2059.JPG
0.9721109375,0.022298878896143896,0.15476699444206926,0.03898131696548754,0.019878095656471362,2339,16234,0.034482758620689655,0.14285714285714285,0.05555555552422839,7,29,1,28,6,IMG_5044.JPG
0.9561875,0.019639494215765402,0.16792638843246796,0.03516619640768013,0.017897796924801233,3043,26019,0.03333333333333333,0.14285714285714285,0.05405405402337472,7,30,1,29,6,IMG_5045.JPG
0.9810796875,0.0,0.0,0.0,0.0,1799,10310,0.0,0.0,0.0,5,10,0,10,5,IMG_5051.JPG
0.965303125,0.029583289152793978,0.1251121076233184,0.047851813738101365,0.024512387981022666,4460,18862,0.0,0.0,0.0,12,20,0,20,12,IMG_2058.JPG
0.9698328125,0.22216452464407807,0.7939993813795236,0.34718512256973794,0.21005687165009615,6466,23109,0.14705882352941177,0.45454545454545453,0.22222222218528398,11,34,5,29,6,DSC04099.JPG
0.8352984375,0.4892703862660944,0.002163208379586144,0.004307372597175649,0.002158334674403855,105399,466,0.0,0.0,0.0,7,2,0,2,7,IMG_2064.JPG
0.981809375,0.06031668299053216,0.8513824884792627,0.11265243902439025,0.059688231968338584,868,12252,0.023255813953488372,1.0,0.0454545454501033,1,43,1,42,0,DSC04072.JPG
0.98731875,0.24149956408020923,0.8970852824757107,0.380552587391238,0.23498916014704496,2779,10323,0.13636363636363635,1.0,0.23999999997888,3,22,3,19,0,DSC04066.JPG
0.9544109375,0.01569567271990819,0.9667359667359667,0.030889826286245724,0.01568720059375211,481,29626,0.0,0.0,0.0,1,75,0,75,1,IMG_2272.JPG
0.988103125,0.026160889470241987,0.08800880088008801,0.0403327451474666,0.02058142526369951,1818,6116,0.0,0.0,0.0,6,15,0,15,6,IMG_4603.JPG
0.9744890625,0.0019571865443425078,0.7804878048780488,0.00390458178268562,0.0019561097866617762,41,16350,0.0,0.0,0.0,0,61,0,61,0,IMG_2266.JPG
0.9894984375,0.0028189910979228485,1.0,0.005622133451694038,0.0028189910979228485,19,6740,0.0,0.0,0.0,0,24,0,24,0,IMG_4617.JPG
0.9661953125,0.006122213237842208,0.004050749006420055,0.004875580700059795,0.0024437476945776467,13084,8657,0.0,0.0,0.0,18,7,0,7,18,DSC04270.JPG
0.98701875,0.038371821786797294,0.8392857142857143,0.07338835601159938,0.038091930068310756,392,8574,0.0,0.0,0.0,1,5,0,5,1,IMG_4824.JPG
0.9906546875,0.040006478781988986,0.8205980066445183,0.0762934362934363,0.03965960179833012,301,6174,0.034482758620689655,1.0,0.06666666666022221,1,29,1,28,0,IMG_2299.JPG
0.987725,0.23821681068342498,0.9611727416798732,0.38180673591438463,0.23594631394670298,2524,10184,0.13333333333333333,0.6666666666666666,0.22222222219444443,3,15,2,13,1,IMG_4830.JPG
0.9613546875,0.026272189349112424,0.9314685314685315,0.05110301170151544,0.0262215047836529,715,25350,0.015625,1.0,0.030769230766201184,1,64,1,63,0,IMG_4818.JPG
0.9633078125,0.3005411346918069,0.5060867089058162,0.37712527519163946,0.23238101464435146,14047,23654,0.3409090909090909,0.5357142857142857,0.41666666661913576,28,44,15,29,13,IMG_4993.JPG
0.9591203125,0.00045169385194479295,0.001438618925831202,0.0006875214850464077,0.000343878954607978,6256,19925,0.0,0.0,0.0,7,35,0,35,7,IMG_4987.JPG
0.97755625,0.04808582895955542,0.23474001507159006,0.07982062780269059,0.04156936011209715,2654,12956,0.043478260869565216,0.2,0.07142857139923468,5,23,1,22,4,IMG_2448.JPG
0.9654375,0.270031968650098,0.39674242424242423,0.32134748726759527,0.19143180904338927,13200,19394,0.42857142857142855,0.2727272727272727,0.3333333332858024,22,14,6,8,16,IMG_4777.JPG
0.9681,0.4479611190137506,0.19341795475483672,0.2701794523486094,0.15618929530894812,19538,8436,0.0,0.0,0.0,9,10,0,10,9,IMG_4763.JPG
0.9871796875,0.0,0.0,0.0,0.0,2346,5859,0.0,0.0,0.0,1,4,0,4,1,DSC04304.JPG
0.9225484375,0.0,0.0,0.0,0.0,1834,47735,0.0,0.0,0.0,2,22,0,22,2,IMG_4950.JPG
0.8872734375,0.10934477961385769,0.2470011114091902,0.15158464161815724,0.08200788904440769,26093,58942,0.043478260869565216,0.09090909090909091,0.05882352936799307,11,23,1,22,10,IMG_4944.JPG
0.9005078125,0.029534204585464862,0.07816268362201272,0.04286981225667774,0.021904425431252976,18244,48283,0.02702702702702703,0.037037037037037035,0.031249999951220707,27,37,1,36,26,DSC04310.JPG
0.9855890625,0.0,0.0,0.0,0.0,4704,4519,0.0,0.0,0.0,2,8,0,8,2,DSC04338.JPG
0.9569375,0.0,0.0,0.0,0.0,2559,25001,0.0,0.0,0.0,2,17,0,17,2,IMG_4978.JPG
0.9816796875,0.0,0.0,0.0,0.0,9205,2520,0.0,0.0,0.0,6,8,0,8,6,IMG_2138.JPG
