region_precision,region_recall,region_f1,region_iou,gt_regions,pred_regions,matched_gt_regions,matched_pred_regions,gt_pixels,pred_pixels,matched_gt_pixels,matched_pred_pixels,gt_coverage,pred_coverage,filename
0.6857142857142857,0.8846153846153846,0.7725682294819428,0.03634237275596238,26,105,23,72,153762,18658,149860,17579,0.9746231188460087,0.9421695787329831,IMG_4993_JPG.rf.ab77786e38be8551a65833a5fdcf80a7.jpg
0.4090909090909091,1.0,0.5806451612491155,0.05007960294964403,5,22,5,9,25270,3597,25270,2301,1.0,0.6396997497914929,DSC04131_JPG.rf.ddc4771910fbabfde959748c937d7824.jpg
0.48484848484848486,0.7333333333333333,0.5837479269835895,0.010644033079929897,15,165,11,80,108842,20738,107365,11873,0.9864298708219253,0.5725238692255762,DSC04041_JPG.rf.f7a77445ea1de90b92488396179c3279.jpg
0.13333333333333333,1.0,0.23529411762629757,0.2645252640957108,2,15,2,2,2052,4791,2052,595,1.0,0.12419119181799207,IMG_2508_JPG.rf.e0425583ab898225d34f5ba3d41be214.jpg
0.42857142857142855,0.75,0.5454545454082644,0.09314808823972826,4,14,3,6,42216,17641,37995,16992,0.9000142126208073,0.9632107023411371,IMG_2148_JPG.rf.e07aa955c63a42222a151acada849995.jpg
0.4444444444444444,0.5405405405405406,0.48780487799925637,0.2049267024721807,37,45,20,20,12502,3449,7218,2023,0.5773476243800992,0.586546825166715,DSC04192_JPG.rf.62edfe2a4361a60b2a2dd39490444861.jpg
0.56,0.8,0.6588235293633219,0.003964359452582984,5,75,4,42,75234,8172,74814,3913,0.9944174176569104,0.4788301517376407,DSC04219_JPG.rf.7ce79630fadc829153c6fb39bd9f3790.jpg
0.4605263157894737,0.75,0.5706521738659026,0.06626804966168087,24,76,18,35,44733,5828,39505,4002,0.8831287863545928,0.6866849691146191,DSC04230_JPG.rf.859130df9e75e660fc0c9d5f4e49a237.jpg
0.6,0.7777777777777778,0.6774193547895422,0.039198882080304566,9,35,7,21,22379,8266,15464,1963,0.6910049600071495,0.23747882893781758,IMG_2471_JPG.rf.4770adafda877963a7d2382ce2496749.jpg
0.39790575916230364,0.9479166666666666,0.560521943468502,0.1513901853050797,96,191,91,76,165936,94226,132828,83028,0.8004772924501012,0.8811580667756246,DSC04345_JPG.rf.94166d94a1356594a27281104ab8ead7.jpg
0.6666666666666666,0.6,0.6315789473185596,0.020642066035726464,10,42,6,28,71411,12138,70369,10859,0.9854084104689753,0.8946284396111386,DSC04318_JPG.rf.48437ba6963e0c2c5592f479c4906ef1.jpg
0.6363636363636364,0.75,0.6885245901142705,0.011647410295418081,8,77,6,49,106064,14330,89672,8374,0.8454518026851712,0.5843684577808793,DSC04040_JPG.rf.3f89a2b05b11fda2b8d3a93719398639.jpg
0.7678571428571429,1.0,0.8686868686377309,0.08366394105298347,19,56,19,43,75300,21590,75300,16188,1.0,0.7497915701713757,IMG_2443_JPG.rf.10297ba9b4c476e4cda656c928a8d980.jpg
1.0,1.0,0.99999999995,0.10680961400826912,6,6,6,6,10226,2532,10226,2532,1.0,1.0,IMG_2541_JPG.rf.f935efe139eb2624c35d47778d4b31ef.jpg
0.2727272727272727,1.0,0.4285714285377551,0.26509633863347687,16,66,16,18,10235,7418,10235,4425,1.0,0.5965219735777838,IMG_4833_JPG.rf.24b6a624797ecb4f794e722416133953.jpg
0.3076923076923077,0.15384615384615385,0.2051282050837607,0.03807584239642942,13,13,2,4,32922,3323,6226,1574,0.18911366259644008,0.47366837195305445,IMG_2136_JPG.rf.13bc9784cb25edb014c0376130e1dbb0.jpg
0.1875,1.0,0.3157894736576177,0.08600289964339813,3,32,3,6,14002,7146,14002,5683,1.0,0.7952700811642878,IMG_2314_JPG.rf.5d9cb24407f773f55e7ad88f9252ce00.jpg
0.1366120218579235,1.0,0.2403846153634662,0.07986722655110698,7,183,7,25,36207,22022,36207,13816,1.0,0.6273726273726273,IMG_2055_JPG.rf.60ddfecd346ba83201fc0604f47db0d1.jpg
0.8695652173913043,0.7142857142857143,0.7843137254406766,0.02816953906810669,7,23,5,20,240287,23431,169879,22904,0.7069837319538719,0.9775084290043106,IMG_4934_JPG.rf.dcf183e085a292ba23f567d6441a0729.jpg
0.058823529411764705,0.5,0.10526315787590027,0.2715273412947832,2,17,1,1,2166,32972,1591,432,0.734533702677747,0.013102025961421812,DSC04184_JPG.rf.e517af78439ae77b210a707543505397.jpg
1.0,1.0,0.99999999995,0.0011883338658270656,1,3,1,3,155034,812,155034,812,1.0,1.0,DSC04309_JPG.rf.c9d896b0cdc17486d669e4fd5bce31e2.jpg
0.3333333333333333,0.6666666666666666,0.44444444439999997,0.22859621235704192,18,45,12,15,11679,5159,10314,3455,0.8831235550988955,0.6697034308974608,DSC04158_JPG.rf.06bbd2945313c845c1129379a13d7023.jpg
0.6153846153846154,1.0,0.7619047618575964,0.010072041515434739,3,39,3,24,205968,32345,205968,26309,1.0,0.8133869222445509,IMG_4931_JPG.rf.2388f225a3cefdf458dfed333a34945f.jpg
0.6190476190476191,1.0,0.7647058823057094,0.00476018988369728,4,42,4,26,63347,3534,63347,2697,1.0,0.7631578947368421,IMG_4596_JPG.rf.aebb165d2276a24db44b1216007d395e.jpg
0.1346153846153846,0.75,0.228260869539414,0.027512342566817744,4,52,3,7,17079,9164,14237,1246,0.8335968148018034,0.13596682671322566,DSC04024_JPG.rf.9ac025dcd003e00237ef4f0004ad37db.jpg
0.3978494623655914,0.8181818181818182,0.5353697748755881,0.023555651821589012,11,93,9,37,62578,15647,60316,9712,0.9638531113170763,0.6206940627596345,DSC04321_JPG.rf.334b8c0bdd79035c2810f17c1415d3b9.jpg
0.5151515151515151,0.6818181818181818,0.5868814729083917,0.01801681531736121,22,132,15,68,144601,26886,115150,20367,0.7963292093415675,0.7575318009372908,DSC04362_JPG.rf.f911d1c2b6e3c1863141e6d593869b06.jpg
0.48484848484848486,1.0,0.6530612244458143,0.01705214391946919,10,66,10,32,215422,49554,215422,46100,1.0,0.9302982604835129,DSC04076_JPG.rf.5608e56fc94f040a6d88d9b3084a23b9.jpg
0.9,1.0,0.9473684210027702,0.08637793189668451,5,10,5,9,15260,14808,15260,5931,1.0,0.4005267423014587,IMG_2146_JPG.rf.da96063a1cefb965ed34cf0ded719fd5.jpg
0.42105263157894735,0.6,0.4948453607762779,0.017632467171843233,5,19,3,8,35750,19764,31892,16541,0.8920839160839161,0.8369257235377454,DSC04338_JPG.rf.39faaaf5f840dc026d3474fb54efba58.jpg
0.9347826086956522,0.7272727272727273,0.8180737217105892,0.018178443895154484,11,46,8,43,218768,19260,158977,19023,0.7266922036129598,0.9876947040498443,IMG_4756_JPG.rf.1da3926f0d0618eea8b29e296e1966bb.jpg
0.8421052631578947,1.0,0.9142857142360816,0.05677377026356018,42,114,42,96,172247,30820,172247,28912,1.0,0.9380921479558728,IMG_2394_JPG.rf.b8850145578c950114d8bef195a4ba74.jpg
0.6039603960396039,0.9583333333333334,0.740955901721783,0.03328202317062793,24,101,23,61,89285,18957,86723,15835,0.9713053704429635,0.8353114944347735,DSC04327_JPG.rf.02a40032e6c1b9a575c03a4a55403dbb.jpg
0.3333333333333333,0.5,0.39999999995200003,0.06460059861383394,6,15,3,5,27733,5829,12441,2397,0.44859914181660837,0.411219763252702,IMG_1703_jpg.rf.55e9ba0f66c82b03ee2971318dc7b3b9.jpg
0.43478260869565216,0.9,0.5863192181971162,0.057274482735224556,10,46,9,20,128359,54084,118479,49487,0.9230283813367197,0.9150025885659345,IMG_1762_jpg.rf.9cd3a29cdcd76af2f35c6297a4a61811.jpg
0.25,0.75,0.3749999999625,0.1113472594584431,4,20,3,5,13885,8210,9667,1947,0.696218941303565,0.2371498172959805,IMG_2145_JPG.rf.067fa8698f2f9931926ad50622aa9b48.jpg
0.43820224719101125,0.8518518518518519,0.5787096773744955,0.0782022166873892,27,89,23,39,64788,10242,57751,7361,0.8913842069519047,0.7187072837336458,DSC04211_JPG.rf.967767fe5c8a5713109a655a56b99009.jpg
0.3,1.0,0.4615384615029585,0.022323420968078083,2,40,2,12,31436,8324,31436,5026,1.0,0.6037962518020182,IMG_4709_JPG.rf.637e956c778a630c108a37c2234c31bc.jpg
0.5148514851485149,0.7368421052631579,0.6061615320081921,0.02553793768959741,19,101,14,52,192480,33346,170341,28901,0.8849802576891106,0.8667006537515745,IMG_5025_JPG.rf.d01c200c03edec8630d726e35f71c691.jpg
0.29545454545454547,1.0,0.4561403508419822,0.06069057526765997,6,44,6,13,86462,18627,86462,13190,1.0,0.7081118806034251,IMG_2114_JPG.rf.06dfd5d9b730c2ed8628d2c6769c34fe.jpg
0.5625,0.5,0.5294117646560553,0.025410785284271233,12,32,6,18,124786,9131,62002,5720,0.49686663568028466,0.6264374110174132,IMG_2165_JPG.rf.dc63319cd94573929d66fcddc33bcab9.jpg
0.2222222222222222,1.0,0.3636363636066115,0.32831624348051014,2,9,2,2,3692,2721,3692,1368,1.0,0.5027563395810364,IMG_4860_JPG.rf.a48861eed0a72a00146c1404e0f0cc89.jpg
0.27631578947368424,0.8461538461538461,0.41659152385828746,0.08867886558916528,13,76,11,21,41142,58277,36510,11145,0.8874143211316903,0.19124182782229696,IMG_2390_JPG.rf.e71e5a496373869e0bd827ab5b3724ba.jpg
0.27586206896551724,0.5,0.3555555555097284,0.032011234683932056,4,29,2,8,15816,3124,12816,1480,0.8103186646433991,0.4737516005121639,IMG_4606_JPG.rf.a7fa290bed48312e54d03e0a35468d8a.jpg
0.2830188679245283,1.0,0.4411764705538495,0.014255167220437421,4,53,4,15,102541,14257,102541,4806,1.0,0.33709756610787683,IMG_2119_JPG.rf.73eb86d68e8911735b40e25cde406ad2.jpg
0.723404255319149,0.9393939393939394,0.8173710740105569,0.05251083060158017,33,94,31,68,128998,20044,123164,18557,0.9547744926277927,0.9258132109359409,DSC04323_JPG.rf.8bb1530d2ce6a64d63af4b8e5d0d3183.jpg
0.6101694915254238,0.7777777777777778,0.6838534599235921,0.021435199275938774,9,59,7,36,104967,19907,92830,15826,0.8843731839530519,0.7949967348168986,IMG_4713_JPG.rf.1324ce97f548311181a530b47d0d7f54.jpg
0.3258426966292135,1.0,0.49152542369174085,0.07485296636645737,45,89,45,29,42264,280896,42264,273686,1.0,0.9743321371610846,DSC04441_JPG.rf.11b244119718fde55b1c4ab7bdf40d81.jpg
0.6564102564102564,0.675,0.6655753490111556,0.02184329735033531,40,195,27,128,164038,26093,134924,23844,0.8225167339275046,0.9138083010769171,DSC04397_JPG.rf.804d11da546b356933056422d013c7c0.jpg
0.5120967741935484,0.813953488372093,0.628668410956056,0.03018712128730884,43,248,35,127,122981,39505,114548,29069,0.9314284320342167,0.7358309074800659,DSC04399_JPG.rf.0d0e5c42999f9cc09d1192124955ebee.jpg
0.686046511627907,1.0,0.8137931034000095,0.012122522034836911,19,86,19,59,85760,4429,85760,3162,1.0,0.713930909911944,DSC04368_JPG.rf.5952ddb83c9fdf19b96759fb9429ac6e.jpg
0.65,0.6944444444444444,0.6714876032558397,0.041144104256039364,36,120,25,78,156817,19802,150663,17522,0.9607568057034632,0.8848601151398848,IMG_4991_JPG.rf.3a791a582bae0bbc903b0902f393b2a2.jpg
0.6896551724137931,0.8,0.7407407406910151,0.020858607435205484,10,58,8,40,106854,26270,103851,23499,0.9718962322421247,0.8945184621240959,IMG_4714_JPG.rf.2464917297d978cc1e737374ffd9e57f.jpg
0.6842105263157895,0.5714285714285714,0.6227544909683673,0.013700007402513302,7,38,4,26,262839,22295,224092,18098,0.8525827597883114,0.8117515137923301,DSC04310_JPG.rf.8fd4c5666cc18204739f32f00eba4b3b.jpg
1.0,1.0,0.99999999995,0.0006490045731183166,1,1,1,1,232664,151,232664,151,1.0,1.0,IMG_4974_JPG.rf.39c816c26265036bb12c434de9902d25.jpg
0.6440677966101694,0.5,0.5629629629137558,0.015608387691250598,12,59,6,38,104701,7230,72306,5983,0.6905951232557473,0.8275242047026279,DSC04011_JPG.rf.a719c404743d0503847d4a1466d4e91e.jpg
0.5,1.0,0.6666666666222222,0.010539868277267193,2,26,2,13,65521,19027,65521,6415,1.0,0.33715246754611866,DSC04298_JPG.rf.526e7a016c17dbd4a45a7c85acb1e258.jpg
0.47368421052631576,1.0,0.6428571428135204,0.009364593016438542,2,19,2,9,88834,11959,88834,6386,1.0,0.5339911363826407,DSC04299_JPG.rf.c90f88ce61e0a227eb07cbd298e21106.jpg
0.7246376811594203,1.0,0.8403361344050561,0.026772772576880967,22,207,22,150,231341,57281,231341,54314,1.0,0.9482027199245823,IMG_5056_JPG.rf.7c2bfeb8c2e32a72eaab086a371064e0.jpg
0.43333333333333335,0.625,0.5118110235736872,0.04461996827292704,8,30,5,13,18079,3623,14679,1995,0.8119365009126611,0.5506486337289539,DSC04003_JPG.rf.af2eb3c1c67284afd53f8016a4c06025.jpg
0.3333333333333333,0.8888888888888888,0.4848484848088154,0.03170527375132601,9,93,8,31,51399,17604,50295,10207,0.9785209828985,0.579811406498523,DSC04038_JPG.rf.eb8530722b8f8de57a817d21940d0fae.jpg
0.2391304347826087,1.0,0.38596491224955376,0.02706818534445318,2,46,2,11,20902,11743,20902,4111,1.0,0.3500808992591331,IMG_4704_JPG.rf.a77b12dcc883fa952f09cb3ad40f5d15.jpg
0.5,0.875,0.6363636363173554,0.011611064685880718,8,118,7,59,188775,48157,169455,44740,0.8976559396106476,0.9290445833419856,IMG_5020_JPG.rf.7d5566c9d2b4eeecc6ae41bf2a09af48.jpg
0.5,0.6842105263157895,0.5777777777289878,0.07188746600332864,38,124,26,62,73321,20378,55067,17506,0.7510399476275555,0.8590636961428992,IMG_5012_JPG.rf.d0de89b9ea9ecff89caf79d73a1d647d.jpg
0.6436781609195402,0.6875,0.6648677819252296,0.03389066242048312,16,87,11,56,171838,7021,168323,5818,0.9795446874381685,0.828656886483407,IMG_5036_JPG.rf.5f4d679d95ae246f77e157e4236b9865.jpg
0.2857142857142857,1.0,0.44444444440987657,0.0304323312733983,3,28,3,8,51807,4959,51807,1921,1.0,0.387376487194999,IMG_2027_JPG.rf.321c41f4f6f3c6250ac2dc5b37c50aee.jpg
0.6666666666666666,1.0,0.799999999952,0.07497710375646602,17,48,17,32,209461,12616,209461,11528,1.0,0.9137603043753963,IMG_4819_JPG.rf.d612ab0655dbffc1088b8780f1a6f495.jpg
0.5256410256410257,0.7307692307692307,0.6114599685541585,0.07738260746712602,26,78,19,41,40087,12764,39733,7665,0.9911692069748298,0.6005170792854905,DSC04216_JPG.rf.2df278714e00c6aff0bd765d5fcb3739.jpg
0.4918032786885246,0.8333333333333334,0.6185567009842491,0.024029993338274477,12,61,10,30,89694,10692,84256,8717,0.9393716413583963,0.815282454171343,DSC04208_JPG.rf.d4bf816afae65a9141db645a0ea7c60d.jpg
0.47692307692307695,0.6153846153846154,0.537378114793707,0.06159508786041445,26,65,16,31,43739,6634,36476,4481,0.8339468209149729,0.6754597527886644,DSC04213_JPG.rf.5b41d3987f7409ca4b4b3da9bc878f93.jpg
0.3333333333333333,1.0,0.4999999999625,0.04434987254042235,5,36,5,12,20817,20546,20817,8247,1.0,0.4013919984425192,IMG_2143_JPG.rf.2e4f56955d58af1c8e4220db05ad16b1.jpg
0.5289256198347108,0.8787878787878788,0.6603807151283241,0.05439089174899754,33,121,29,64,109379,83883,106326,77653,0.9720878779290357,0.9257298856740936,DSC04080_JPG.rf.e9081627537d7feff052e59025c21d7b.jpg
0.525,1.0,0.6885245901187853,0.05522143628509343,10,40,10,21,203222,9730,203222,3947,1.0,0.40565262076053443,IMG_4982_JPG.rf.47f4422b8bbbd76bd1f28861553b101f.jpg
0.4578313253012048,0.9444444444444444,0.6167064438701022,0.22219273516089125,54,166,51,76,69990,37286,66998,24113,0.957251035862266,0.6467038566754277,DSC04353_JPG.rf.a1fd2b5667a796e26bcef54f13a0ffa3.jpg
0.5238095238095238,0.34615384615384615,0.41684210521524295,0.042533437591921915,26,63,9,33,74662,5584,72918,1487,0.9766413972301841,0.26629656160458454,DSC04375_JPG.rf.3b7f1ca7d6113e235cee348109400f19.jpg
0.4897119341563786,0.9090909090909091,0.6365338325300494,0.02025558304942306,22,243,20,119,151739,39256,150379,31976,0.9910372415792907,0.8145506419400856,DSC04398_JPG.rf.590cbcdbf2df6ccd29109f441e04d4e1.jpg
0.5371900826446281,0.9487179487179487,0.685966913815786,0.06359831868973433,39,121,37,65,96690,73949,95844,70088,0.9912503878374186,0.9477883406131252,DSC04079_JPG.rf.c059af5ffae5aa912482e4bed48fb28a.jpg
0.22857142857142856,1.0,0.3720930232255273,0.09191389463699343,5,35,5,8,59601,33419,59601,31990,1.0,0.9572398934737724,IMG_2048_JPG.rf.65590e51e702f847dce783b41d6e43aa.jpg
0.36548223350253806,0.9692307692307692,0.5308056871640222,0.18872756265309504,130,197,126,72,75894,99741,73948,89610,0.9743589743589743,0.8984269257376606,DSC04346_JPG.rf.e3342a2084576fe1ae0ee75dea0c6405.jpg
0.6190476190476191,1.0,0.7647058823057094,0.006538572413017777,2,21,2,13,104384,5494,104384,5221,1.0,0.950309428467419,IMG_4926_JPG.rf.e7f317b697f5dde456c6322241522c73.jpg
0.2571428571428571,1.0,0.40909090905836776,0.17296145858438922,13,70,13,18,22980,7502,22980,4498,1.0,0.5995734470807784,IMG_4835_JPG.rf.330eee7fdb32cc15bc8e0abc05ae9a84.jpg
0.34782608695652173,1.0,0.516129032219771,0.03075224691443113,3,23,3,8,49785,27940,49785,2528,1.0,0.09047959914101647,DSC04284_JPG.rf.94fab104046990dc5674daf2ac2bc316.jpg
0.2537313432835821,0.8235294117647058,0.3879380602736869,0.19583945333476288,17,67,14,17,12200,6163,8175,2417,0.6700819672131147,0.39217913353886097,IMG_2286_JPG.rf.4f049233414fefe7f04fae86a0b5a99c.jpg
0.4782608695652174,0.6,0.5322580644667664,0.030677578003365277,5,23,3,11,24998,3503,24416,2755,0.9767181374509961,0.786468741079075,IMG_4605_JPG.rf.38d262bb04d4b7aa0aff5e1d7ce34c74.jpg
0.3888888888888889,1.0,0.55999999995968,0.0037093124661182744,1,18,1,7,48488,10669,48488,1259,1.0,0.11800543631080701,IMG_4842_JPG.rf.6be76cbfd58b16860efa7366ceffab7f.jpg
0.3125,0.5,0.38461538456804734,0.01517540103122907,2,16,1,5,16677,1647,15456,1224,0.9267853930563051,0.7431693989071039,IMG_4771_JPG.rf.987b1e4646720bd48d1ed379b4d5473e.jpg
0.3333333333333333,0.6923076923076923,0.449999999956125,0.07556565917445737,13,69,9,23,113171,33361,75271,21799,0.6651085525443797,0.6534276550463115,IMG_2041_JPG.rf.02d8cad825ddbddeeba71787dcbefa4e.jpg
0.7407407407407407,1.0,0.8510638297383432,0.0897107921301357,18,54,18,40,131418,14346,131418,13691,1.0,0.9543426739160742,IMG_4823_JPG.rf.af2d6e92fc54f7ed9313e6efc3dca996.jpg
0.17391304347826086,0.75,0.28235294114591003,0.12762462540054195,4,23,3,4,35642,7581,26430,4100,0.7415408787385669,0.5408257485819813,IMG_4683_JPG.rf.ec9d4aa857a11968eb110dcf6d32cebb.jpg
0.38961038961038963,0.75,0.5128205127755133,0.06236725093145877,24,77,18,30,44733,6944,39505,4275,0.8831287863545928,0.615639400921659,DSC04231_JPG.rf.aba15d7b2562c4c378dfd6da77a034a8.jpg
0.30666666666666664,0.7142857142857143,0.42910447756991044,0.026744007539564026,7,75,5,23,52074,12198,46596,5785,0.8948035487959443,0.47425807509427775,DSC04322_JPG.rf.0da5b4c1e581570b8ad56fb3ade2e74f.jpg
0.34375,0.75,0.4714285713854694,0.0751269579726073,12,32,9,11,22380,5168,14522,863,0.6488829311885612,0.16698916408668732,DSC04102_JPG.rf.57fb039a7f93c026d40c6f36a85709fc.jpg
0.463768115942029,1.0,0.6336633662933437,0.08457560532924877,16,69,16,32,30030,7176,30030,5762,1.0,0.8029542920847269,DSC03921_JPG.rf.5fe97e14decc92bf595e6f7cc1005333.jpg
1.0,1.0,0.99999999995,0.0012339509886904823,1,3,1,3,196118,726,196118,726,1.0,1.0,DSC04307_JPG.rf.2018571579c845418ed7ae63029f0bf9.jpg
0.38095238095238093,1.0,0.551724137891082,0.03213406132315477,4,21,4,8,169582,6352,169582,5349,1.0,0.8420969773299748,IMG_4718_JPG.rf.dd9c13c69fdbae4050139be16f2edfff.jpg
0.6404494382022472,0.8461538461538461,0.7290697673928178,0.02187248820040449,13,89,11,57,189913,7360,189487,5948,0.9977568676183305,0.8081521739130435,IMG_5038_JPG.rf.d14563f48d52c85b855c2abbc32ef6fb.jpg
0.28125,0.6666666666666666,0.3956043955626615,0.025686281430312503,3,32,2,9,32038,6435,29131,5233,0.909263999001186,0.8132090132090132,IMG_2100_JPG.rf.0dc3d8a5e828f65633be0afb114726aa.jpg
0.375,0.2,0.26086956517202275,0.029003232382195144,5,8,1,3,224456,9097,60031,5245,0.26745108172648535,0.576563702319446,IMG_4917_JPG.rf.7a15e15d28e2fde65ec147df4f046f2c.jpg
0.5344827586206896,0.9,0.6706730768763233,0.038005755986957275,20,116,18,62,76322,28795,70505,20589,0.9237834438300883,0.7150199687445737,DSC04032_JPG.rf.261332c38d4811756fc67b535d068bb9.jpg
0.591304347826087,1.0,0.7431693988604019,0.02773321823521382,15,115,15,68,159012,31183,159012,28520,1.0,0.9146009043389026,DSC04045_JPG.rf.b43fe4537445e1c87412ce5066316ca8.jpg
0.5747126436781609,0.6666666666666666,0.6172839505675584,0.030900819905982504,27,87,18,50,91161,10533,69650,7570,0.7640328649312754,0.7186936295452387,DSC04328_JPG.rf.db9362a5e9137e4cd04dfdf1b6b1918b.jpg
1.0,1.0,0.99999999995,0.029130791670432508,4,11,4,11,67455,3571,67455,3571,1.0,1.0,DSC04287_JPG.rf.ac683765b3769690a48b4979c36b440b.jpg
0.41025641025641024,0.5588235294117647,0.4731517509239378,0.11302614593062532,34,78,19,32,75228,16176,44878,13006,0.5965597915669697,0.804030662710188,IMG_5009_JPG.rf.a5c67d741d8ca6a481a3b50e45a1f907.jpg
0.42028985507246375,0.9333333333333333,0.579586009950045,0.09073585630176462,15,69,14,29,28832,7468,28755,3477,0.9973293562708102,0.4655865024102839,IMG_4878_JPG.rf.d9539f79b16ec45632d01d3c91636aee.jpg
0.9361702127659575,1.0,0.9670329669830213,0.07738727535805766,25,47,25,44,105827,26168,105827,26098,1.0,0.997324977071232,IMG_2393_JPG.rf.a37b39626e816ba8d9abc2eb1807e708.jpg
0.10638297872340426,0.42857142857142855,0.1704545454226821,0.03930027211373635,7,47,3,5,15427,6381,6008,457,0.38944707331302264,0.0716188685159066,IMG_2458_JPG.rf.e81b253e354a157e5d19229e6c588b18.jpg
0.6666666666666666,1.0,0.799999999952,0.09974298076019038,19,48,19,32,92589,13774,92589,12295,1.0,0.8926237839407579,IMG_4821_JPG.rf.2d99c7e619b6268e36f655aab8c9fc81.jpg
0.24242424242424243,0.7142857142857143,0.3619909501884073,0.2107731914026681,7,33,5,8,36119,11215,33677,10214,0.9323901547661896,0.9107445385644226,IMG_2053_JPG.rf.c6bd78527d64cd62f28c19835e80beb7.jpg
0.48333333333333334,0.6666666666666666,0.5603864733812224,0.022777745543013667,6,60,4,29,59687,12706,59007,8724,0.9886072344061521,0.6866047536596883,IMG_4888_JPG.rf.e6e7541edaa054a86600cce6d3739a66.jpg
0.6,0.6666666666666666,0.6315789473185596,0.09135120580443659,9,20,6,12,43239,11798,24082,10732,0.5569509008071417,0.909645702661468,IMG_2142_JPG.rf.76eec6419885bd23ec3145f0b6f5bb39.jpg
0.38461538461538464,0.7777777777777778,0.5147058823086613,0.12705546040228036,18,52,14,20,23424,10184,20324,5291,0.8676571038251366,0.5195404556166536,DSC04103_JPG.rf.ebd16e1da455820d232e0ac8d72a60f0.jpg
0.5428571428571428,1.0,0.7037037036580933,0.030712260831951766,5,35,5,19,48772,20994,48772,6575,1.0,0.31318471944365056,IMG_4708_JPG.rf.20b3db4296ddc873e6a15fd26acec355.jpg
0.26666666666666666,0.9090909090909091,0.4123711339855457,0.08923636114389907,11,60,10,16,25990,11071,21286,3633,0.81900731050404,0.32815463824406105,IMG_2431_JPG.rf.6b98d4a0758a662a9353ade2db25606c.jpg
0.4166666666666667,0.5882352941176471,0.487804878000238,0.3697105956326186,17,24,10,10,6329,6855,3990,5510,0.6304313477642598,0.8037928519328957,IMG_2505_JPG.rf.e9d3b594fbc147ce6c6befd09a53a7cc.jpg
0.18181818181818182,1.0,0.3076923076662722,0.053546458166271016,3,33,3,6,14002,7048,14002,5872,1.0,0.8331441543700341,IMG_2315_JPG.rf.6ec238da14586e0edd0ebebdb5d82613.jpg
0.7560975609756098,0.5714285714285714,0.6509186351215712,0.0242643971423609,14,41,8,31,162945,17476,113562,16298,0.6969345484672742,0.9325932707713436,IMG_4754_JPG.rf.b83238df2b2816359b98ad03f50d79ce.jpg
0.47706422018348627,0.6333333333333333,0.5442026989319872,0.04349890938708342,30,109,19,52,105779,25302,102088,20926,0.9651064956182229,0.8270492451189629,IMG_5016_JPG.rf.dcd0e5e60b796818de9efd84a98724ec.jpg
0.12,1.0,0.2142857142665816,0.11868104387593366,2,25,2,3,7923,10477,7923,1485,1.0,0.1417390474372435,IMG_4855_JPG.rf.27a248dbb4f67581ff35269df1789858.jpg
0.43478260869565216,0.5,0.46511627902001085,0.005603050625621305,6,69,3,30,59687,14494,58737,8963,0.9840836363027125,0.6183938181316406,IMG_4889_JPG.rf.90e57b1742bf91a0db2105e7eb1c8bb9.jpg
0.5833333333333334,1.0,0.7368421052166205,0.12326775106673137,5,12,5,7,26168,3109,26168,2572,1.0,0.8272756513348344,DSC04183_JPG.rf.4da97c15426bb2151be8778a16934f6c.jpg
0.28859060402684567,0.9583333333333334,0.44359721907184785,0.04906295716133347,24,149,23,43,41559,18141,41321,9393,0.9942732019538487,0.5177774102860923,DSC04033_JPG.rf.4a02a53ccb2d2fa83e7a515607cc5a9f.jpg
0.8202247191011236,0.96,0.8846250946233707,0.022281310571411445,25,89,24,73,104347,4813,104074,4169,0.9973837292878569,0.8661957199252026,DSC04370_JPG.rf.b1044c98d7612efcf6a88ae006cf5242.jpg
0.7230769230769231,1.0,0.8392857142370057,0.01748681396260411,9,65,9,47,83853,8448,83853,7149,1.0,0.8462357954545454,DSC04010_JPG.rf.521543bb72f87155d33fcf3b8f8428eb.jpg
0.609375,0.9583333333333334,0.7450166112481583,0.06664942231409288,24,64,23,39,126266,72122,125816,68712,0.9964360952275355,0.9527190039100413,DSC04075_JPG.rf.3364e7a98701b9771b7cd63313dea959.jpg
0.5981308411214953,0.9090909090909091,0.7215332581257471,0.019164350366627867,11,107,10,64,184106,35420,180920,31131,0.9826947519363844,0.878910220214568,IMG_4726_JPG.rf.72334571a6b2100016e530b5c2600321.jpg
1.0,1.0,0.99999999995,0.0067297083612625486,2,8,2,8,43565,1259,43565,1259,1.0,1.0,DSC04291_JPG.rf.b8570a0320facbbb7722a0b5f8287917.jpg
0.25,0.6666666666666666,0.3636363635966942,0.03021398903933146,3,28,2,7,31717,12464,29557,3833,0.9318977204653656,0.30752567394094993,IMG_2101_JPG.rf.4043dc3ec7eafec820cf2d4060cf79f9.jpg
0.42105263157894735,1.0,0.5925925925508916,0.1803053838732385,5,19,5,8,22535,6917,22535,4960,1.0,0.7170738759577852,IMG_4830_JPG.rf.58599425af00686fb7eee2fcb3e17531.jpg
0.375,0.8181818181818182,0.5142857142426122,0.15268304442379782,22,64,18,24,51208,4749,27258,3779,0.5322996406811435,0.7957464729416719,IMG_4875_JPG.rf.35f5057e3319d08f78c9dc1c7116085e.jpg
0.32653061224489793,0.5714285714285714,0.4155844155381346,0.06182507502579526,14,49,8,16,18536,7376,14684,2228,0.7921881743634009,0.302060737527115,DSC04205_JPG.rf.3191c524acb1607691c12ea257e467ef.jpg
0.2346368715083799,0.918918918918919,0.3738219894963898,0.19282937502271097,37,179,34,42,50116,77057,47933,68330,0.9564410567483438,0.8867461749094826,IMG_5007_JPG.rf.165fb7877e0f0a21aa9e986869368036.jpg
0.5084745762711864,1.0,0.6741573033260951,0.12268125523067268,19,59,19,30,55171,25628,55171,18256,1.0,0.712345871702825,IMG_2442_JPG.rf.d37784111b6af8e71de19ae743081282.jpg
0.5333333333333333,0.8333333333333334,0.6504065040174499,0.049873745900254,6,15,5,8,132415,33922,108143,31693,0.8166975040592078,0.9342904309887389,IMG_4923_JPG.rf.b543fb98e1e7e4d2bc9ce1ea027eea1e.jpg
0.4,1.0,0.5714285713877552,0.06957523891792385,4,30,4,12,30969,8710,30969,7084,1.0,0.8133180252583238,IMG_2046_JPG.rf.0bffd88794063b2215e7b6e905961800.jpg
1.0,1.0,0.99999999995,0.014551197481844256,3,9,3,9,33360,1169,33360,1169,1.0,1.0,DSC04290_JPG.rf.895430b850cfdbc38694266e0dafd58e.jpg
0.8709677419354839,1.0,0.9310344827088585,0.00493618157591069,3,62,3,54,188872,17657,188872,15708,1.0,0.8896188480489324,IMG_4943_JPG.rf.e8ff9a7354f35bbd07b65545ba493293.jpg
0.6697247706422018,0.9117647058823529,0.7722231700586613,0.1036876384999128,34,109,31,73,118206,18001,114480,14980,0.968478757423481,0.8321759902227654,IMG_5015_JPG.rf.522f33b0742a1f26ea9cef5684ce4e7c.jpg
0.3333333333333333,0.7272727272727273,0.4571428570997551,0.09760594058674452,22,48,16,16,54983,18398,39756,12840,0.7230598548642307,0.6979019458636808,IMG_2387_JPG.rf.92040817c935a280085f82d3add08cb4.jpg
0.8,1.0,0.8888888888395062,0.007614845220801646,7,60,7,48,129223,6643,129223,6248,1.0,0.9405389131416528,IMG_5032_JPG.rf.e8a4274eba5c583e3aa1b77331df7ec0.jpg
0.6814159292035398,1.0,0.8105263157412687,0.02536590005430834,20,113,20,77,176081,27490,176081,25244,1.0,0.9182975627500909,DSC04044_JPG.rf.1a2aad9736b9ed5593890342ce853424.jpg
0.45714285714285713,0.8846153846153846,0.6027846027396778,0.13961767942249942,26,70,23,32,19040,6312,18702,5038,0.9822478991596638,0.7981622306717364,DSC03924_JPG.rf.914bfbfec328981d3b1aba26bcbb673c.jpg
0.6142857142857143,0.9122807017543859,0.7341979969967255,0.09382971398851518,57,140,52,86,200034,89544,192036,85912,0.9600167971444854,0.9594389350486912,DSC04343_JPG.rf.da50b52252cad1c59f986b8b5d0a1462.jpg
0.425,0.75,0.5425531914431869,0.014849087486363596,4,40,3,17,131065,18347,120653,16717,0.9205585015068859,0.9111571374066605,IMG_4720_JPG.rf.c37ee0e84c2c30c2a60d72a9a3853971.jpg
0.5289256198347108,0.8333333333333334,0.6471183012669557,0.06531638298460374,30,121,25,64,102815,20822,100596,15043,0.9784175460779069,0.7224570166170396,IMG_4990_JPG.rf.57b95153e106b8bd5946302259a2e122.jpg
0.2619047619047619,1.0,0.4150943395897473,0.013047766655799632,2,42,2,11,20902,8279,20902,1769,1.0,0.21367314893103032,IMG_4705_JPG.rf.bacad5342827b7f52e39d3b2475ba474.jpg
0.5357142857142857,0.625,0.5769230768733729,0.12203059484807952,16,28,10,15,31163,3550,17540,2097,0.5628469659532137,0.5907042253521126,DSC04099_JPG.rf.f58257befb520d7a2649277010cfd823.jpg
0.25925925925925924,1.0,0.41176470584965397,0.019629900166798497,2,27,2,7,25290,4808,25290,2133,1.0,0.44363560732113144,IMG_4701_JPG.rf.9bfc56f58d0a8636057dbc02fcb7ce90.jpg
0.1875,1.0,0.3157894736576177,0.1981633032716624,2,16,2,3,7923,34562,7923,2643,1.0,0.07647126902378334,IMG_4854_JPG.rf.a92a07c9f6827a64d5c13006096bcc50.jpg
0.64,0.8333333333333334,0.7239819004033496,0.02206530870979055,6,25,5,16,173418,11952,167642,11729,0.9666931921715162,0.9813420348058902,IMG_4751_JPG.rf.fb3a837e9f465d49b45f31b88ab61b39.jpg
0.1282051282051282,0.6666666666666666,0.21505376341380505,0.05134315922312164,3,39,2,5,22033,6689,20278,1468,0.9203467525983752,0.2194647929436388,IMG_2154_JPG.rf.ff90258678d802029ce0856887ad94e1.jpg
0.375,0.7,0.4883720929778258,0.065795652093352,10,32,7,12,15167,4377,13811,2503,0.910595371530296,0.5718528672606809,DSC04095_JPG.rf.09c7437fe99dd5f7931299532c11b937.jpg
0.4418604651162791,0.6,0.5089285713797234,0.04080405369810488,10,43,6,19,37659,8569,25536,1864,0.6780849199394567,0.21752829968491072,IMG_5044_JPG.rf.d4d3d723094ef0268a7700f48da9026b.jpg
0.25,1.0,0.399999999968,0.06914258585709199,7,44,7,11,27654,10124,27654,4102,1.0,0.4051758198340577,IMG_2435_JPG.rf.e711025d2aa06c2c967a188481704b25.jpg
0.3188405797101449,0.8235294117647058,0.4597014924970724,0.0779906593879859,17,69,14,22,40445,13320,32043,5290,0.7922610953146249,0.39714714714714716,IMG_2386_JPG.rf.e97cb1e55edefc483fd9c885593420e0.jpg
0.24705882352941178,0.8571428571428571,0.38356164380087987,0.1115654655564533,14,85,12,21,59843,30149,53891,19718,0.9005397456678308,0.6540183754021692,IMG_2155_JPG.rf.41182708726dbbe1994268dc3bf7e3e5.jpg
0.2765957446808511,0.8181818181818182,0.41342756179969226,0.141282868678306,11,47,9,13,49173,4187,30199,3265,0.6141378398714742,0.779794602340578,IMG_4874_JPG.rf.5a1b9fc4a5a9e9b293dd0b0cc7ddf44d.jpg
0.7,0.625,0.6603773584407262,0.012712828627884875,16,80,10,56,139480,21292,137698,17419,0.987223974763407,0.81810069509675,IMG_4884_JPG.rf.86996cb6a51a23d9b47cc8d39edf234f.jpg
0.25396825396825395,0.9285714285714286,0.3988494726412478,0.19148431253907777,14,63,13,16,20839,7358,20034,4459,0.9613705072220357,0.6060070671378092,IMG_4834_JPG.rf.49899eeae99587f739e76d57e4fea7cf.jpg
0.8518518518518519,0.9090909090909091,0.8795411089366686,0.035971455296231615,11,27,10,23,85253,7690,76753,7633,0.9002967637502493,0.9925877763328999,IMG_4777_JPG.rf.f651a1ac93f0412df17cd896a533ea0a.jpg
0.6842105263157895,0.8947368421052632,0.775438596442117,0.056769954934302376,19,57,17,39,89966,16910,88459,14892,0.9832492274859391,0.880662329982259,IMG_2396_JPG.rf.0db587d9686b28ebc9efd1561b654a64.jpg
0.8409090909090909,1.0,0.9135802468639538,0.011496725137284027,5,44,5,37,166127,12429,166127,11767,1.0,0.9467374688229142,IMG_5026_JPG.rf.4b3abd89cb7fff73f2f47abea0650ff6.jpg
0.8,1.0,0.8888888888395062,0.032198358901884494,12,50,12,40,92296,7486,92296,7091,1.0,0.9472348383649479,IMG_5029_JPG.rf.7364f3721af98e9be265678fb1db7182.jpg
0.5833333333333334,0.75,0.6562499999507811,0.006098276293792896,4,48,3,28,128416,6762,112270,5200,0.8742680039870421,0.7690032534753032,IMG_4693_JPG.rf.eeb4ef0436aefbfc4e041efe486e4451.jpg
0.37037037037037035,0.5714285714285714,0.4494382021994698,0.05955382104033996,7,27,4,10,16523,3511,11841,1930,0.7166374145131029,0.5497009399031615,DSC04002_JPG.rf.2ec8c63f518b2dffb72bdd6d493e28ee.jpg
0.75,0.7777777777777778,0.7636363635863802,0.06165749126262493,18,28,14,21,22354,2610,21328,2449,0.9541021741075423,0.9383141762452107,DSC04202_JPG.rf.8f41c02cf81b30c9a12b8529987ab840.jpg
0.8888888888888888,1.0,0.9411764705384082,0.012563856719780137,10,45,10,40,97013,4960,97013,4837,1.0,0.9752016129032258,DSC04365_JPG.rf.4280dd32f58d0b8706d832ebb185d707.jpg
0.2727272727272727,0.8,0.40677966097902896,0.0887718913057361,5,11,4,3,41599,21870,38472,19331,0.9248299237962451,0.8839048925468679,IMG_2149_JPG.rf.88da139ecb55c4f3d09e2b28c8c36eda.jpg
0.5,0.8571428571428571,0.6315789473218836,0.16083632770392892,14,36,12,18,63469,34152,57452,32406,0.9051978131056106,0.9488756148981026,IMG_2151_JPG.rf.9b10742f4320c617bc180e9eb78f9942.jpg
0.3443708609271523,0.9473684210526315,0.5051268213316458,0.037337780026100616,19,151,18,52,56117,22585,55949,14975,0.9970062547891013,0.663050697365508,DSC04035_JPG.rf.e6e11562a72fe85466063a8f7543c8e0.jpg
0.6810344827586207,0.6388888888888888,0.659288824333215,0.02387988394023569,36,116,23,79,156817,19190,150375,16900,0.9589202701237749,0.8806670140698281,IMG_4992_JPG.rf.3e1d66cd44d8e208c442c2e512360049.jpg
0.37037037037037035,0.8333333333333334,0.5128205127779092,0.02347880196618832,6,27,5,10,106150,41819,94710,39911,0.8922279792746114,0.9543748057103231,IMG_4998_JPG.rf.47ab1ed39061d64eabb6177586cb14af.jpg
0.6693548387096774,0.8571428571428571,0.7516981131583038,0.017281375754789836,14,124,12,83,199546,31177,192392,28744,0.9641486173614104,0.9219617025371267,DSC04364_JPG.rf.3a0d6a0389ef00a2768e5f6aef3655ee.jpg
0.4050632911392405,0.6666666666666666,0.5039370078269948,0.01195640696032058,12,79,8,32,61237,2996,42011,1659,0.6860394859317079,0.5537383177570093,DSC03931_JPG.rf.92a09365123ea42638fedee041c0eaad.jpg
0.11764705882352941,1.0,0.2105263157706371,0.06251748251748251,1,17,1,2,7150,5516,7150,894,1.0,0.16207396664249457,IMG_2017_JPG.rf.0dfc68dae479732e4252c8324fda7471.jpg
0.6504854368932039,0.9655172413793104,0.777294385698741,0.07413836370436455,29,103,28,67,88714,17972,88093,15689,0.992999977455644,0.8729690629868685,IMG_5014_JPG.rf.5653c52cb6ec40b96ed06f85a56b5de9.jpg
0.6666666666666666,1.0,0.799999999952,0.03648302479697563,8,33,8,22,103711,22730,103711,19322,1.0,0.8500659920809502,IMG_4912_JPG.rf.619d79ca66c02c21db90b696fdbabcff.jpg
0.4305555555555556,0.6666666666666666,0.5232067510071676,0.06440136779652321,21,72,14,31,50628,11467,41704,8493,0.8237339021885123,0.740647074212959,IMG_4904_JPG.rf.77fba466bc5b99c02fb73e6cffab7c57.jpg
0.6145833333333334,0.9375,0.7424496643816945,0.034081872256870864,16,96,15,59,79771,16773,77947,14214,0.977134547642627,0.8474333750670721,DSC04004_JPG.rf.a2b42aa10a336beb6fce306d35c2851e.jpg
0.7543859649122807,1.0,0.85999999995098,0.02274368603457744,8,57,8,43,255681,28973,255681,27999,1.0,0.9663824940461809,IMG_4725_JPG.rf.8c9f3bdc12a013cf27926a37c62b77b5.jpg
0.7619047619047619,1.0,0.864864864815778,0.017076424264103957,12,63,12,48,92915,7208,92915,6638,1.0,0.9209211986681465,IMG_5031_JPG.rf.4657b050181f78e66cde4921ad71d9a4.jpg
0.07142857142857142,1.0,0.1333333333208889,0.15444896951746268,1,14,1,1,16206,13352,16206,2503,1.0,0.18746255242660276,IMG_4804_JPG.rf.3c86f6cb6ecb95e7a571ee687464270f.jpg
0.75,1.0,0.8571428570938775,0.25800842124455037,3,4,3,3,12817,2192,12817,2169,1.0,0.989507299270073,IMG_4859_JPG.rf.c301554ae8a4145d34d897f5ab21ba74.jpg
0.1875,1.0,0.3157894736576177,0.1038658222910645,5,48,5,9,38621,16655,38621,6500,1.0,0.3902731912338637,IMG_2113_JPG.rf.386b6e194200cd0be6a88b6c854a77dc.jpg
0.449438202247191,0.8888888888888888,0.5970149253285253,0.08064435207206586,27,89,24,40,148931,25161,147689,23797,0.9916605676454197,0.9457891180795676,IMG_4880_JPG.rf.a82a428dfdc4990708ae6dabc2ca1955.jpg
0.7192982456140351,1.0,0.8367346938288838,0.06663702362782441,21,57,21,41,97885,18847,97885,16512,1.0,0.8761076033320953,IMG_2397_JPG.rf.83391c14ba36af52a5405c41e9a87961.jpg
0.5818181818181818,1.0,0.7356321838615405,0.016019045243342994,11,110,11,64,143659,32742,143659,29369,1.0,0.8969824690000611,IMG_5024_JPG.rf.edc42238f873970e29785268e2c141b8.jpg
0.375,1.0,0.545454545414876,0.017067426511208676,1,8,1,3,34393,2698,34393,1761,1.0,0.6527057079318014,IMG_4971_JPG.rf.d6bce536f343c91a2aa89d752e415cbd.jpg
0.5128205128205128,0.9,0.6533575317141906,0.041637957537663105,10,39,9,20,115175,26553,107435,23376,0.9327979162144563,0.8803525025420856,IMG_4911_JPG.rf.c87da6917bbe3ced5fe51ce67950b8d5.jpg
0.8181818181818182,0.9090909090909091,0.8612440190888946,0.04397880263033475,11,22,10,18,85253,8236,76753,8158,0.9002967637502493,0.990529383195726,IMG_4778_JPG.rf.d1366d2c66239beecbbf349073349d99.jpg
0.6666666666666666,1.0,0.799999999952,0.015318824366022055,7,66,7,44,154198,69394,154198,66204,1.0,0.9540306078335303,DSC04272_JPG.rf.fa5a7d27c7d8da0ec43c4d7fa6014735.jpg
0.5714285714285714,0.96,0.7164179104009801,0.05787968435028269,25,91,24,52,77102,15793,74399,8497,0.9649425436434853,0.5380231748242893,DSC04326_JPG.rf.3e30966b4768d95335e021728d35575f.jpg
0.4444444444444444,0.5454545454545454,0.48979591831786756,0.035859308853685296,11,18,6,8,15363,1659,9379,1126,0.6104927423029356,0.6787221217600965,DSC04097_JPG.rf.dd64f43af4de241498d1fc959bb12de4.jpg
0.5045871559633027,0.9487179487179487,0.6587892521398426,0.09322797316532938,39,109,37,55,156027,74261,155451,68153,0.9963083312503606,0.917749558987894,DSC04078_JPG.rf.3655a26dffa40b0ac4030f367c52839d.jpg
0.7083333333333334,0.8333333333333334,0.7657657657160944,0.04093019860387827,18,24,15,17,183972,58294,157883,57492,0.858190376796469,0.9862421518509623,DSC04266_JPG.rf.8850b32769323a5f5834df3c80d106d8.jpg
0.52,0.5,0.5098039215186467,0.043332071012998685,20,75,10,39,103445,8041,71217,6874,0.6884528010053652,0.854868797413257,DSC04008_JPG.rf.2ec82ecea3efbb0a9d24e7455d2ef868.jpg
0.46153846153846156,0.9838709677419355,0.6283261802140402,0.14954059650838666,62,156,61,72,131478,86741,129462,81829,0.9846666362433258,0.9433716466261629,IMG_5006_JPG.rf.f9d0d4a520279e959f9e4d2534e69f3e.jpg
0.6153846153846154,0.9473684210526315,0.7461139895895621,0.12519418613711278,19,39,18,24,37585,5554,37431,5195,0.9959026207263536,0.9353619013323731,DSC04157_JPG.rf.060bfd7c40a3b2d4a0678a78faaa5c45.jpg
0.5588235294117647,0.5714285714285714,0.5650557620317905,0.015376881170031349,7,34,4,19,154198,9408,97750,5584,0.6339252130377826,0.5935374149659864,DSC04271_JPG.rf.674481db3fe1c6b84c87c1625723055c.jpg
0.4878048780487805,0.6666666666666666,0.563380281641341,0.17347633402232365,30,41,20,20,17160,3360,14023,2839,0.8171911421911422,0.8449404761904762,DSC04191_JPG.rf.69f1911318428f8e3c333548224caf72.jpg
0.7346938775510204,0.8666666666666667,0.7952421409868733,0.02486746790784974,15,98,13,72,111441,14733,109021,13589,0.9782844733984799,0.922351184415937,DSC04005_JPG.rf.610592e73be0aa9e5a2524fcd12b8ed2.jpg
1.0,1.0,0.99999999995,0.016184572280754296,3,8,3,8,30496,1232,30496,1232,1.0,1.0,DSC04293_JPG.rf.dc6b45e4bd008da8590e0d50303ed209.jpg
0.647887323943662,1.0,0.7863247862770691,0.03073636739440671,11,71,11,46,92173,19222,92173,16721,1.0,0.8698886692331703,IMG_4686_JPG.rf.ebe979d8272cd81fdf62400ddaa2d201.jpg
0.85,1.0,0.9189189188692476,0.06688248656467517,9,20,9,17,55294,7078,55294,7011,1.0,0.9905340491664312,IMG_4832_JPG.rf.99a843aa617e16c0f315c5b898320eb3.jpg
0.16666666666666666,1.0,0.2857142856897959,0.057855206972549915,1,12,1,2,16539,5367,16539,1949,1.0,0.3631451462642072,IMG_2022_JPG.rf.91911285f0904e9d31a56bf014485ba6.jpg
0.23529411764705882,1.0,0.38095238092154193,0.03620404502271882,5,68,5,16,44644,22298,44644,5814,1.0,0.26074087362095255,IMG_2029_JPG.rf.e96edf8ff781717ffa283cb67c124190.jpg
0.7040816326530612,1.0,0.8263473053407293,0.022318779439159,11,98,11,69,206527,29859,206527,26745,1.0,0.8957098362302823,IMG_4727_JPG.rf.20a6ce316f4a000e73418044ed57cd02.jpg
0.9027777777777778,1.0,0.9489051094391817,0.007168665496051545,4,72,4,65,256551,32809,256551,29676,1.0,0.9045079094150995,IMG_4942_JPG.rf.b7746b511779fe77092541b96547b672.jpg
0.6666666666666666,0.75,0.7058823528913496,0.012847714663983729,4,24,3,16,274480,10314,170248,8922,0.6202564849897989,0.8650378126817917,IMG_4994_JPG.rf.ab902401acbaa242973a8daf17e141df.jpg
0.1875,1.0,0.3157894736576177,0.015962577743412875,2,48,2,9,22121,7782,22121,1714,1.0,0.22025186327422255,IMG_4706_JPG.rf.7cbb24e69f5c1c9e80567bfeeb98cead.jpg
0.6507936507936508,1.0,0.788461538413776,0.009642105646738407,6,63,6,41,130140,9136,130140,7231,1.0,0.791484238178634,DSC04227_JPG.rf.f08a654342445f7fc7551fbee4f4fc82.jpg
0.5492957746478874,1.0,0.7090909090451405,0.009597853788614644,6,142,6,78,148655,23032,148655,17437,1.0,0.7570771101076763,DSC04050_JPG.rf.856ff10ef986d04b1df02851696c3084.jpg
0.6262626262626263,0.9736842105263158,0.7622528658769298,0.09743404617343523,38,99,37,62,143762,34339,143627,33221,0.9990609479556489,0.9674422668103323,IMG_4881_JPG.rf.259fe77dd4905a36128ba61398eda32b.jpg
0.8,1.0,0.8888888888395062,0.0034622414750039065,2,20,2,16,85632,2656,85632,2228,1.0,0.838855421686747,DSC04100_JPG.rf.ef0ed158aae842feef66ddb1cc7edaba.jpg
0.6626506024096386,0.98,0.7906703828182298,0.09486956647723359,50,166,49,110,160147,49816,160059,45242,0.9994505048486703,0.9081821101654087,DSC04355_JPG.rf.823c576ed05cbf3046e836b1348656ec.jpg
0.5957446808510638,0.75,0.6640316205040167,0.010044663771952385,12,94,9,56,173127,17411,168578,12442,0.973724491269415,0.7146057090345184,DSC04030_JPG.rf.1d7cc926205f8827ac37c244716f59f8.jpg
0.36363636363636365,1.0,0.5333333332942222,0.09844056213808039,3,11,3,4,28778,4785,28778,2980,1.0,0.6227795193312434,IMG_2021_JPG.rf.b568aca2aad8f088423d3e57560248de.jpg
0.5217391304347826,0.8181818181818182,0.6371681415453677,0.024984342781876914,11,69,9,36,38130,10231,36996,6180,0.9702596380802517,0.6040465252663474,IMG_2445_JPG.rf.e366030f1e5dbafe877e41c64cef3a13.jpg
0.578125,1.0,0.7326732672803058,0.013387514846867652,8,64,8,37,124654,9741,124654,7815,1.0,0.8022790267939637,DSC04025_JPG.rf.a59a419cb3039eaccfe5da5d0ec53dca.jpg
0.584070796460177,0.8181818181818182,0.6815834767155933,0.021431869514045437,11,113,9,66,206527,32605,200721,28764,0.9718874529722507,0.8821959822113172,IMG_4728_JPG.rf.a62828e7de177c115d07713146f50ba4.jpg
0.2,0.6666666666666666,0.3076923076568047,0.15526697568696335,3,10,2,2,15420,1404,8464,1219,0.5488975356679637,0.8682336182336182,IMG_4773_JPG.rf.2a6c91be7fac76d0dc8580557ad19d19.jpg
0.4,1.0,0.5714285713877552,0.1777092377191349,3,10,3,4,12760,2508,12760,2341,1.0,0.9334130781499203,IMG_4858_JPG.rf.d26447b70b18e0351547f600dafdf75f.jpg
0.75,1.0,0.8571428570938775,0.021490176388287797,10,60,10,45,153609,16698,153609,15821,1.0,0.9474787399688586,IMG_2395_JPG.rf.081a8197196516359a0d910e47ef038a.jpg
0.5581395348837209,1.0,0.716417910401782,0.021569623678904738,18,215,18,120,184302,61942,184302,52904,1.0,0.8540893093539117,IMG_5057_JPG.rf.d09e238d09dc91b66440f1110907e344.jpg
0.2619047619047619,0.9523809523809523,0.41083099903246006,0.21859871820307752,21,84,20,22,13726,8236,13654,5484,0.9947544805478654,0.665857212238951,DSC03923_JPG.rf.9d0f0941338edf27b81f6634b3582fbb.jpg
0.38461538461538464,1.0,0.5555555555154321,0.07383514630211593,5,26,5,10,39318,4219,39318,2598,1.0,0.615785731215928,IMG_4684_JPG.rf.1c8917a0f7d52b2ec87826336379f846.jpg
0.734375,0.9166666666666666,0.8154574131998209,0.03337119535220594,12,64,11,47,101427,28490,100883,25643,0.9946365366223984,0.9000702000702001,IMG_4715_JPG.rf.70d7b65c6117105e4cc89c56834fb943.jpg
0.5333333333333333,0.8333333333333334,0.6504065040174499,0.053253144082721166,6,15,5,8,16259,2569,15684,1429,0.9646349714004552,0.5562475671467497,DSC04093_JPG.rf.8dbdffdba642f46864becc6e5f37ca2f.jpg
0.2222222222222222,1.0,0.3636363636066115,0.22026742959233192,6,27,6,6,10489,18591,10489,2835,1.0,0.15249314184282717,IMG_2487_JPG.rf.5ff3ad90bab6c8e2d51213378217813e.jpg
0.631578947368421,1.0,0.7741935483396462,0.019080446074731045,5,57,5,36,228703,56167,228703,47081,1.0,0.8382324140509552,IMG_4909_JPG.rf.218b90e814a2621c0bb48a9f7b83ea1e.jpg
0.4725274725274725,0.9259259259259259,0.6257275901764431,0.08530238744133788,27,91,25,43,35822,16511,35027,5255,0.9778069342861928,0.3182726667070438,DSC04226_JPG.rf.7ddd2f46d1e273292a22cc227fe29317.jpg
0.5882352941176471,0.8,0.6779661016460788,0.046017895032422915,5,17,4,10,135919,78511,122059,78215,0.898027501673791,0.9962298276674606,IMG_4919_JPG.rf.7dd16b4d549e9b483e2977c80a54679e.jpg
0.25,0.8571428571428571,0.38709677415858473,0.06839090016520182,7,32,6,8,27286,16513,25991,4862,0.952539763981529,0.2944346878217162,IMG_2529_JPG.rf.1e00fb9c864a6b999905fc1cb87f7d1c.jpg
0.6585365853658537,0.4666666666666667,0.5462427745179278,0.040571538084375136,15,41,7,27,178206,99737,160342,99022,0.8997564616230654,0.9928311459137532,IMG_2539_JPG.rf.47c1f40c0248b6f45e4d98dad558f6fe.jpg
0.3548387096774194,1.0,0.5238095237708617,0.1560424513346633,9,31,9,11,14892,7854,14892,5005,1.0,0.6372549019607843,IMG_2453_JPG.rf.5b0f726750ddf3cfe2b07e72f4ef23c9.jpg
0.38461538461538464,1.0,0.5555555555154321,0.04691523060006728,3,13,3,5,82844,3839,82844,3400,1.0,0.8856473039854129,IMG_2015_JPG.rf.0ae443ed1e9433717397d0ff8354a714.jpg
0.5454545454545454,0.8,0.6486486486004382,0.02399716348354272,5,33,4,18,140514,35051,137220,33808,0.9765574960502157,0.9645373883769365,IMG_4913_JPG.rf.30285f5daa2c7fc51d06970ac50778bb.jpg
0.9245283018867925,0.8333333333333334,0.8765652951200809,0.006221168412377205,6,53,5,49,184641,11394,181935,11211,0.9853445334459844,0.983938915218536,DSC04006_JPG.rf.b3d5ddabdbc7d80fbdffa19663e0690c.jpg
0.7777777777777778,1.0,0.8749999999507813,0.07170486053638336,25,72,25,56,138843,9016,138843,8352,1.0,0.9263531499556344,DSC04145_JPG.rf.7c4d6dc75b4a558df5b5491aab981acf.jpg
0.3544973544973545,0.975,0.5199482638152342,0.10502860127983236,40,189,39,67,62635,47788,62355,37227,0.9955296559431628,0.7790030970118021,IMG_5011_JPG.rf.91f7936e3896f747587f0338f378d485.jpg
0.6136363636363636,0.6666666666666666,0.6390532543879556,0.004463585949873635,3,44,2,27,121553,10606,102488,7605,0.8431548378073762,0.717046954554026,IMG_4775_JPG.rf.0f890c861bde5f33b0d333b2cc07f4f9.jpg
0.6428571428571429,0.875,0.7411764705394048,0.010646433932814092,8,70,7,45,179184,19585,178134,16019,0.994140101794803,0.8179218789890222,IMG_5022_JPG.rf.041174698d62ec95590402c9b810fadb.jpg
0.52,1.0,0.6842105262707756,0.021722606318690392,4,25,4,13,76580,16703,76580,3640,1.0,0.21792492366640723,IMG_4979_JPG.rf.76482b2d0a7751fddf9283f3959e51b4.jpg
0.6949152542372882,1.0,0.8199999999516201,0.08884834090977695,28,59,28,41,85151,30872,85151,29593,1.0,0.958570873283234,IMG_2392_JPG.rf.5ae6679c61573a2436d00f9df6ad797b.jpg
0.9534883720930233,1.0,0.9761904761405046,0.006822619911254212,5,43,5,41,255106,13800,255106,13782,1.0,0.9986956521739131,IMG_2203_JPG.rf.b6dc6327e5f1b48202018974d8c3e0b7.jpg
0.3,1.0,0.4615384615029585,0.12080489737494567,2,10,2,3,58172,24115,58172,18748,1.0,0.7774414264980303,IMG_4811_JPG.rf.5e060f58baf853dc0aa00f8536c61b33.jpg
0.7291666666666666,0.6428571428571429,0.6832971799935817,0.02368635991562521,14,48,9,35,162945,20980,142274,19476,0.8731412439780294,0.9283126787416587,IMG_4755_JPG.rf.173b402edd2ddfc7e88750b3c7df2f94.jpg
0.3,1.0,0.4615384615029585,0.09233080786151038,4,20,4,6,24513,8874,24513,4064,1.0,0.45796709488393056,IMG_2464_JPG.rf.ea2c5c6e691fde64b53324ef47ff9f6e.jpg
0.3950617283950617,0.42857142857142855,0.4111349035903397,0.006267261148570441,7,81,3,32,76444,13614,71363,5878,0.9335330437967663,0.43176142206552076,DSC04320_JPG.rf.9ab92d40a00eaa158cf8a0f97bce4e4d.jpg
0.5170454545454546,1.0,0.6816479400299738,0.011209826988653419,10,176,10,91,99396,18306,99396,14215,1.0,0.7765213591172293,DSC04023_JPG.rf.64b449cbb633f4c4b9e0b2dcb718bf73.jpg
0.6326530612244898,0.9285714285714286,0.7525676936959607,0.011378319712524156,14,147,13,93,183822,22576,178446,18160,0.9707543166759147,0.8043940467753367,DSC04051_JPG.rf.019a5718997b3cb832b9a31b76e49e23.jpg
0.7567567567567568,0.625,0.6845965769675696,0.02548109740659265,8,37,5,28,128641,20582,90701,19948,0.7050707006319914,0.9691963851909435,IMG_4707_JPG.rf.52e8a9370cb290c2bd16043fbfde6232.jpg
0.8615384615384616,1.0,0.9256198346610205,0.01580247899120357,10,65,10,56,252235,13456,252235,13196,1.0,0.9806777645659929,DSC04210_JPG.rf.b279f9ddce7d88152b13c742687f6fb4.jpg
0.6060606060606061,1.0,0.7547169810850837,0.01604827044196184,8,99,8,60,201849,25365,201849,22352,1.0,0.8812142716341416,DSC04048_JPG.rf.8a253a1ade3a72dd2c4269d04e27fdfa.jpg
0.64,0.9,0.7480519480033733,0.03007447180328827,10,75,9,48,109737,11480,109499,9461,0.997831178180559,0.8241289198606272,IMG_4894_JPG.rf.6b44f23344f2ccfdd481f10313cb22c4.jpg
0.5833333333333334,0.8,0.6746987951319496,0.007846499963776652,5,72,4,42,151664,14000,144844,8167,0.9550321763899146,0.5833571428571429,DSC04039_JPG.rf.ed3b3db401b41756c3db2930bc21f82e.jpg
0.5882352941176471,0.8823529411764706,0.7058823528931764,0.10586953095401831,17,34,15,20,18793,3108,17313,2580,0.9212472729207684,0.8301158301158301,DSC04204_JPG.rf.6bbdbb1b20ebc06fc83eca60fb7e77b0.jpg
0.225,0.8333333333333334,0.35433070862793725,0.04279565873132554,6,40,5,9,31481,7285,30949,2298,0.9831009180140402,0.315442690459849,IMG_2448_JPG.rf.a4fdd936153a88d97f23632837ff1470.jpg
0.13636363636363635,1.0,0.23999999997888,0.050641601132567354,1,22,1,3,5824,9498,5824,1427,1.0,0.15024215624341966,DSC04171_JPG.rf.9ffa826c3c5557fba2caf843c56d29c1.jpg
0.07142857142857142,1.0,0.1333333333208889,0.12081736909323117,1,14,1,1,3915,1682,3915,473,1.0,0.2812128418549346,IMG_4805_JPG.rf.b782782090a14c855b2f2d31bec1b3ac.jpg
0.5,0.6666666666666666,0.5714285713795919,0.005168576021643221,3,38,2,19,121553,9752,102488,7414,0.8431548378073762,0.7602543068088597,IMG_4776_JPG.rf.bad3ed7ffcac200ae92e737a622653e6.jpg
0.25210084033613445,1.0,0.4026845637262285,0.04379406162753814,6,119,6,30,32226,13173,32226,9336,1.0,0.7087223867000684,DSC03925_JPG.rf.9a10619729e4fc7a47877170bbf45481.jpg
0.35,0.2857142857142857,0.314606741523545,0.02485933478468608,7,20,2,7,118270,13541,39144,4484,0.3309715058763845,0.3311424562439997,DSC04334_JPG.rf.d09cde0f4df89c3cd159c47adc6aeec8.jpg
0.7349397590361446,0.7916666666666666,0.7622492600618743,0.04745682426248362,24,83,19,61,209004,7674,206005,6837,0.9856509923255057,0.8909304143862392,IMG_5039_JPG.rf.e8c7a39df9e33cd65c1752ad18704027.jpg
0.3484848484848485,1.0,0.5168539325459411,0.0378082637240072,6,66,6,23,84325,18446,84325,14973,1.0,0.8117206982543641,IMG_4813_JPG.rf.2fc60aa0f251bf738402087bb08760a0.jpg
0.5161290322580645,0.5333333333333333,0.5245901638844397,0.03251797520107642,15,62,8,32,74580,9016,70655,6136,0.947371949584339,0.6805678793256433,DSC04228_JPG.rf.2cdaedf756305f11ed90087a45e32760.jpg
0.7272727272727273,1.0,0.8421052631091412,0.012526840841899587,6,33,6,24,115417,4319,115417,3901,1.0,0.9032183375781431,DSC04098_JPG.rf.93ee27590006060b35cdf9adcffd50e8.jpg
0.5757575757575758,0.9090909090909091,0.7050092763903677,0.09802600099138262,22,66,20,38,46752,8403,44578,7261,0.9534993155373033,0.8640961561347138,DSC03922_JPG.rf.b7ac4b2902807041cba3a58a2ebf0110.jpg
0.5555555555555556,1.0,0.7142857142397959,0.013220878754549189,6,54,6,30,115937,11972,115937,8114,1.0,0.6777480788506515,DSC04026_JPG.rf.ceb3a7de39afba8176527101ca4ec396.jpg
0.2222222222222222,1.0,0.3636363636066115,0.01366645045265627,2,63,2,14,13286,14572,13286,9446,1.0,0.6482294811968158,IMG_4711_JPG.rf.a4bddded453d6bf846b71f963d75eb19.jpg
0.2602739726027397,0.7083333333333334,0.3806717736790255,0.1730383320429713,24,73,17,19,9647,9566,7594,1858,0.7871877267544314,0.19422956303575162,DSC04195_JPG.rf.7bdfa0c0269449026678cc62e57334dc.jpg
0.3333333333333333,0.6,0.42857142852551017,0.022950648079285495,5,24,3,8,42080,2187,41914,553,0.9960551330798479,0.2528577960676726,DSC04096_JPG.rf.98c8fa2036f4180558d36d0b0008354a.jpg
0.6511627906976745,1.0,0.7887323943184289,0.011554626155039016,3,43,3,28,99124,12993,99124,10980,1.0,0.8450704225352113,DSC04319_JPG.rf.81c7d30f7fee3c96c2d1093932960243.jpg
0.7333333333333333,0.4444444444444444,0.5534591194498636,0.0026014248695130446,9,90,4,66,202588,10674,185064,7532,0.9134993188145398,0.705639872587596,DSC04377_JPG.rf.0111a4f5babab5185ededab41bed50fa.jpg
0.8,0.9,0.8470588234795848,0.01631427067544705,10,60,9,48,159111,15362,147643,14822,0.927924530673555,0.9648483270407499,IMG_4692_JPG.rf.7354218cf2c14697700bd299ad45645b.jpg
0.6551724137931034,0.6,0.626373626323723,0.009315432022681846,5,29,3,19,155832,17124,153866,16234,0.9873838492735767,0.9480261621116561,IMG_4719_JPG.rf.4e23d18059ab3b6c85530693d803814a.jpg
0.6486486486486487,0.6363636363636364,0.6424474186880543,0.016798737336311795,11,37,7,24,105091,57543,67200,55724,0.6394458136281889,0.9683888570286568,DSC04274_JPG.rf.37a18dab5fad94d73e7062c1c151c4e0.jpg
1.0,1.0,0.99999999995,0.0005697099395586916,1,5,1,5,207474,591,207474,591,1.0,1.0,IMG_4973_JPG.rf.20a1792cd85e71b8dad0797755dd2f11.jpg
0.3037974683544304,0.75,0.4324324323913968,0.20952447245326197,32,79,24,24,50913,20351,36534,17629,0.7175770431913264,0.8662473588521449,IMG_5010_JPG.rf.0edd286648cc269b69451e09270d0739.jpg
0.44,0.5555555555555556,0.4910714285221022,0.08997607225601599,9,25,5,11,49450,7888,45947,5632,0.9291607684529828,0.7139959432048681,IMG_2527_JPG.rf.cbfb43bfd12825e401f55dd66ddb025f.jpg
0.7246376811594203,0.8333333333333334,0.7751937983998558,0.003761289209579962,6,69,5,50,203892,12714,187368,12198,0.9189570949326114,0.9594148183105239,DSC04223_JPG.rf.f49572f31397ba5f53f0134fc6443969.jpg
0.45454545454545453,0.6666666666666666,0.5405405404923301,0.01925631059049113,3,22,2,10,61836,20204,59928,17164,0.9691441878517368,0.8495347455949317,DSC04336_JPG.rf.4b14b4fdc2c99382fc5e5f607b71722f.jpg
0.6111111111111112,1.0,0.7586206896080856,0.022836243160329797,6,54,6,33,95619,10040,95619,8505,1.0,0.8471115537848606,IMG_4694_JPG.rf.e33bcb84fa84a91a3e994f2b4413a111.jpg
0.5714285714285714,0.5,0.5333333332835556,0.006825065258908113,4,49,2,28,237775,35048,137212,28692,0.5770665545158238,0.818648710340105,IMG_4995_JPG.rf.039f180a93d43e36c64374ca6bcf0cc7.jpg
0.35294117647058826,0.8571428571428571,0.49999999995868055,0.10306647398418338,7,34,6,12,21366,4814,13386,2987,0.6265094074698119,0.6204819277108434,IMG_2028_JPG.rf.a544e959580f6d7bc2e335516d5112e4.jpg
0.8333333333333334,1.0,0.9090909090413223,0.003010790114862513,1,18,1,15,137904,6279,137904,6228,1.0,0.9918776875298615,IMG_2405_JPG.rf.ce91a28438a19e9cc7b5eac59ca9cc46.jpg
0.22580645161290322,0.5,0.3111111110682469,0.03187497329122309,8,31,4,7,35621,10128,22594,1612,0.6342887622469892,0.15916271721958924,IMG_2104_JPG.rf.bbd21b8b8e03e4a2a9ccda9bb1ffe503.jpg
0.8153846153846154,0.9047619047619048,0.8577512776332695,0.06057838621701907,21,65,19,53,115705,16642,115360,16092,0.9970182792446307,0.9669510876096623,IMG_4891_JPG.rf.61e87990b7aa95c2af6dc7a783afde38.jpg
0.32653061224489793,1.0,0.49230769227057986,0.05786179261870412,8,49,8,16,33362,19992,33362,16810,1.0,0.8408363345338136,IMG_2117_JPG.rf.b345ddb222ab730797f8b1470ab4eb6b.jpg
0.8235294117647058,0.875,0.8484848484348944,0.010884324641912354,8,34,7,28,371902,15458,279484,15274,0.7514990508252174,0.9880967783671886,IMG_4753_JPG.rf.309f52f2fcbf55f0713f8c1825adebda.jpg
0.96,1.0,0.9795918366847147,0.012469551273812085,1,25,1,24,411000,123144,411000,123118,1.0,0.9997888650685377,IMG_2560_JPG.rf.0f9fecc3ab7738dc5694d59155e0efcd.jpg
0.873015873015873,0.8333333333333334,0.8527131782446007,0.0047997575165400555,6,63,5,55,203892,11759,187368,11450,0.9189570949326114,0.9737222552938175,DSC04222_JPG.rf.a9f153ea4db1e3c4186277cc3f1e09b5.jpg
0.782608695652174,0.6666666666666666,0.7199999999503199,0.0023149313092922117,3,23,2,18,253012,6334,132584,2997,0.5240225760043002,0.4731607199242185,DSC04273_JPG.rf.5a3ffe8676dffe5fe22dc80fa8c27665.jpg
0.6666666666666666,0.75,0.7058823528913496,0.01917171191407071,4,33,3,22,69837,12727,61477,11432,0.8802926815298481,0.8982478195961342,DSC04014_JPG.rf.6021063fb7c1e592f40e3b6c2c46b20f.jpg
0.1935483870967742,1.0,0.3243243242971512,0.0178348178439546,1,31,1,6,13950,7465,13950,2161,1.0,0.2894842598794374,IMG_4702_JPG.rf.b4d686ccd6ba4b992c7591be821ac791.jpg
0.375,0.9285714285714286,0.5342465753014825,0.10042205053052684,14,40,13,15,168147,3316,166899,1909,0.9925779228889008,0.5756936067551267,IMG_4983_JPG.rf.3e37a7445d615f7ad1fcfbadc04d2782.jpg
0.2967741935483871,1.0,0.4577114427507734,0.03638163855956631,18,155,18,46,43364,21339,43364,9715,1.0,0.4552696939875346,DSC04042_JPG.rf.3b47032b85c96f97fa6997822ac7e506.jpg
0.8717948717948718,1.0,0.931506849265303,0.04957465860845685,10,39,10,34,136491,10259,136491,10036,1.0,0.9782629885953796,IMG_5027_JPG.rf.37b01e2d8adb02fd1e3d1801e8c527e8.jpg
0.40625,0.8,0.5388601035822707,0.1606134043174082,30,64,24,26,54617,4434,37869,3667,0.6933555486387022,0.8270184934596301,IMG_4873_JPG.rf.57e674d2e97ac11afe7dfe580b5094b3.jpg
0.52,1.0,0.6842105262707756,0.006558306300350413,2,25,2,13,173969,18887,173969,17276,1.0,0.9147032350293853,IMG_4914_JPG.rf.494c5f18f8fca6b4f8a5404b8961a214.jpg
0.5,1.0,0.6666666666222222,0.0839434154651546,2,12,2,6,26526,2506,26526,2223,1.0,0.8870710295291301,IMG_2440_JPG.rf.db22fe54096a2e6139d32f95f4976cc9.jpg
0.7368421052631579,0.42857142857142855,0.5419354838244662,0.016682069039940087,14,57,6,42,133031,10514,129902,9422,0.9764791665100616,0.8961384820239681,IMG_4895_JPG.rf.9214395cc2237f4f7e8b5c989d8f4a20.jpg
0.6440677966101694,0.5384615384615384,0.5865490627949412,0.024521297113146222,13,59,7,38,127679,4258,113168,2397,0.8863477940773345,0.562940347581024,DSC04378_JPG.rf.e46868f8725f9798c44c3c40d5017f41.jpg
0.35294117647058826,0.75,0.47999999995647996,0.012763991164211152,4,34,3,12,38425,11658,37875,2297,0.9856864020819779,0.19703208097443817,IMG_2532_JPG.rf.7aee499336cd129d0d65afd1288e5179.jpg
0.47058823529411764,1.0,0.6399999999564799,0.020994870798375493,6,51,6,24,106643,11737,106643,5092,1.0,0.4338416971968987,IMG_2433_JPG.rf.5f51c47ae41f373f78a04dba918430f5.jpg
0.38461538461538464,1.0,0.5555555555154321,0.19086704394419537,12,39,12,15,67006,54244,67006,52843,1.0,0.974172258682988,IMG_2150_JPG.rf.04c3b32ba747d0cde14b1fa307438500.jpg
0.8260869565217391,0.8125,0.8192371475453599,0.04497254791834916,32,92,26,76,252253,31370,250045,31019,0.9912468830895965,0.9888109658909786,IMG_4879_JPG.rf.704d08b1139458044f392cb3084cc1da.jpg
0.5985915492957746,0.8636363636363636,0.7070928195663538,0.08505908275093035,66,142,57,85,176721,86675,167942,81291,0.9503228252443117,0.9378828958753966,DSC04342_JPG.rf.fe37168883f4605f2be186e06af935c8.jpg
0.7272727272727273,0.8,0.7619047618548753,0.009617438675637989,5,44,4,32,136967,32523,134391,31205,0.9811925500302993,0.9594748331949697,IMG_4945_JPG.rf.981ee0e52ed36e4eac289377c5e75228.jpg
0.75,0.5,0.599999999952,0.014583289769617824,8,28,4,21,242828,9855,183440,8709,0.755431828289983,0.8837138508371385,IMG_4932_JPG.rf.800eb64580604e5f6d2ee88368061767.jpg
0.9814814814814815,1.0,0.9906542055574811,0.013817270000557649,6,54,6,53,204031,21624,204031,21606,1.0,0.9991675915649278,IMG_2201_JPG.rf.c688490b9c88017ed421ae2b30d929be.jpg
0.5333333333333333,0.6666666666666666,0.5925925925432098,0.01302510841763423,3,30,2,16,120347,39317,118783,37917,0.9870042460551571,0.9643919932853473,IMG_4997_JPG.rf.1b929b39052e0f287650ee4cdbc87763.jpg
0.24299065420560748,0.8235294117647058,0.3752577319235776,0.05895937819131981,17,107,14,26,25314,17635,21954,8011,0.8672671249111163,0.45426708250637937,IMG_2002_JPG.rf.dfca24b8a90773680d94681328a4685e.jpg
0.3793103448275862,1.0,0.5499999999601249,0.048889734066032926,3,29,3,11,32112,7765,32112,5167,1.0,0.6654217643271089,IMG_2045_JPG.rf.95685d0315781be14fa7a6dc82c52fb4.jpg
0.14893617021276595,1.0,0.2592592592366941,0.25149260102836324,6,47,6,7,8909,9472,8909,4496,1.0,0.47466216216216217,IMG_2051_JPG.rf.9763864bc471b872727791572a7aa77b.jpg
0.2916666666666667,0.5,0.36842105258504154,0.020866439885471932,8,24,4,7,66676,4973,38704,1765,0.5804787329773832,0.3549165493665795,IMG_2137_JPG.rf.f845f2844249e1837aafd3a27d2b9dd8.jpg
0.5,0.6,0.5454545454049586,0.026123625967955876,15,64,9,32,80645,10103,75827,7907,0.940256680513361,0.78263882015243,IMG_4905_JPG.rf.19dc691a04bb117987ba066e1c698c21.jpg
0.4649122807017544,1.0,0.6347305388788268,0.01931484526970984,6,114,6,53,94090,26124,94090,14776,1.0,0.5656101668963406,IMG_4721_JPG.rf.b8a514538990ec110888f7f7a430b72b.jpg
0.5283018867924528,1.0,0.6913580246461211,0.0018197802678871834,3,53,3,28,181600,25470,181600,18679,1.0,0.733372595210051,DSC04333_JPG.rf.758d97587c55d5041c8aa4b9cd1184e7.jpg
0.6893203883495146,0.9166666666666666,0.7869017631751833,0.00983850655577495,12,103,11,71,215121,17756,214164,13720,0.995551340873276,0.7726965532777652,DSC04031_JPG.rf.454b4fcdbf78010f770fb07cae495bcf.jpg
0.8333333333333334,1.0,0.9090909090413223,0.01077612023366095,5,36,5,30,107800,13034,107800,12664,1.0,0.9716127052324689,DSC04012_JPG.rf.615e20d4a603430e9fbbf8a51869e33d.jpg
0.21428571428571427,0.2,0.2068965516741974,0.04902202714073844,5,14,1,3,8475,2609,3480,581,0.41061946902654867,0.22269068608662324,DSC04094_JPG.rf.a198f11979e0ff0cf8fdcc13fc66e872.jpg
0.75,0.5,0.599999999952,0.031527186761229314,2,4,1,3,36741,1690,17625,1667,0.47970931656732263,0.9863905325443787,IMG_4770_JPG.rf.ca28b41eb223a5a7fa9026357c360e26.jpg
0.15789473684210525,0.6,0.2499999999670139,0.028567363453461763,5,19,3,3,20775,61489,19980,58846,0.9617328519855596,0.9570167021743726,IMG_2599_JPG.rf.a004c482b53022a46ee527c36affba58.jpg
1.0,1.0,0.99999999995,0.0013818211484922342,1,3,1,3,196118,813,196118,813,1.0,1.0,DSC04308_JPG.rf.56007b1437fa0dc200bed5b8fc8f57f2.jpg
0.5319148936170213,0.6521739130434783,0.5859374999505158,0.08283702640899089,23,47,15,25,194705,10793,190978,3158,0.9808582214118795,0.29259705364588157,IMG_4981_JPG.rf.268b983cf209de6e648b2b1a6922eb51.jpg
0.32098765432098764,0.7586206896551724,0.4511041009045882,0.043272308896196335,29,162,22,52,66989,23669,65174,15934,0.9729059994924539,0.6732012336811863,DSC04049_JPG.rf.50a2c38caf92b67ede402b32b803ed78.jpg
0.8666666666666667,1.0,0.9285714285216837,0.04095283978025937,10,45,10,39,138859,12832,138859,12566,1.0,0.9792705735660848,IMG_5028_JPG.rf.e4e762ca45bee414077608994a9e7883.jpg
0.2,0.25,0.22222222217283952,0.3098471986417657,4,5,1,1,5697,811,1147,396,0.2013340354572582,0.4882860665844636,IMG_2540_JPG.rf.2897bd3a7e8399e1adb6e2aba4a5f38c.jpg
0.5921052631578947,0.8125,0.6850117095531045,0.032722065445121046,16,76,13,45,139480,20701,138086,15531,0.9900057355893318,0.7502536109366698,IMG_4883_JPG.rf.e08249131962cd71703f603ac22e79bf.jpg
0.4222222222222222,0.7,0.5267326732203901,0.05290057979271793,10,90,7,38,109006,48185,101008,42807,0.9266278920426398,0.8883885026460516,IMG_2040_JPG.rf.823d74b6ae83cb6568ccd86369701465.jpg
0.8157894736842105,1.0,0.8985507245881957,0.009057269716996831,4,38,4,31,161665,30524,161665,29423,1.0,0.9639300222775521,IMG_4946_JPG.rf.0c38c1c2c6b0d0271b9a9fc97bbe867a.jpg
0.6666666666666666,0.5714285714285714,0.6153846153349112,0.003427588440409157,7,75,4,50,201124,6587,185064,3521,0.92014876394662,0.5345377258235919,DSC04376_JPG.rf.05698a0dc4146f13f8ebba75c6d2bb09.jpg
0.35294117647058826,1.0,0.5217391303962193,0.07488530849569663,4,17,4,6,27868,8048,27868,2867,1.0,0.3562375745526839,DSC04182_JPG.rf.9deeba6296134ab36c040ce33464f0fa.jpg
0.9333333333333333,1.0,0.9655172413293698,0.005478949653658227,2,30,2,28,318672,16952,318672,16892,1.0,0.9964605946201038,IMG_4689_JPG.rf.e1321b1724732eb508e16647fd8386d0.jpg
0.21428571428571427,0.5,0.299999999958,0.31965000125557014,6,14,3,3,5773,2512,3081,999,0.5336913216698423,0.3976910828025478,IMG_2496_JPG.rf.92f32a7c49fddd32dc0db3c3bd843c5f.jpg
0.8307692307692308,0.84,0.835359115972101,0.05901146311866068,25,65,21,54,134810,15831,133917,15226,0.9933758623247534,0.9617838418293222,IMG_4892_JPG.rf.a3e03de5e0429191aa28f06f79de8f61.jpg
0.9285714285714286,1.0,0.9629629629130315,0.0195220538406233,2,14,2,13,143307,6589,143307,6555,1.0,0.9948398846562453,IMG_2218_JPG.rf.11e873ec780f3ebc3f688accf2c80d5e.jpg
0.37254901960784315,1.0,0.5428571428175919,0.10326541881282274,8,51,8,19,61829,15321,61829,13517,1.0,0.8822531166372952,IMG_2163_JPG.rf.3b5a6c129cd8fac290bb9a913f823e90.jpg
0.36363636363636365,1.0,0.5333333332942222,0.007225658189371895,2,22,2,8,127867,19407,127867,2489,1.0,0.1282526923275107,IMG_4996_JPG.rf.f9e8c19f563888dcb5b100614798ed04.jpg
0.72,0.9090909090909091,0.8035714285221023,0.03867949812420476,11,25,10,18,85253,7800,81103,7589,0.9513213611251217,0.972948717948718,IMG_4779_JPG.rf.27e73f7c3779d77592d5e7abf119f1b1.jpg
0.5,1.0,0.6666666666222222,0.021333819491179965,2,16,2,8,54184,13494,54184,11995,1.0,0.88891359122573,IMG_5052_JPG.rf.88e02ad74a76986b436a7a2ca3e5bd86.jpg
0.5555555555555556,0.4,0.4651162790210925,0.016926554880814314,5,9,2,5,187862,8914,73554,5059,0.3915320820602357,0.5675342158402513,IMG_4918_JPG.rf.bdbff1ac01e65fa01278cf902be934a4.jpg
0.684931506849315,1.0,0.8130081300330491,0.026979177602248727,9,73,9,50,211631,54243,211631,50786,1.0,0.9362682742473684,IMG_4724_JPG.rf.19e95f940944c3a55f32b9965ed2a3fc.jpg
0.813953488372093,1.0,0.8974358973864234,0.006192786656881573,12,86,12,70,133391,4500,133391,3909,1.0,0.8686666666666667,DSC04369_JPG.rf.2781d8ff3b15c4f406b26181c3434fb2.jpg
0.7833333333333333,1.0,0.8785046728479343,0.011698941445998453,9,120,9,94,289624,31656,289624,30789,1.0,0.9726118271417741,DSC04363_JPG.rf.128066394390c46a92fe6360db3ef797.jpg
0.8450704225352113,0.8333333333333334,0.8391608391108417,0.004893126316758393,6,71,5,60,203892,12038,187368,11796,0.9189570949326114,0.9798969928559561,DSC04221_JPG.rf.4c70c4f7e17100867082ad68bda7546b.jpg
0.23893805309734514,1.0,0.3857142856831531,0.07146816903034703,11,113,11,27,25473,14541,25473,6168,1.0,0.4241799050959356,DSC04015_JPG.rf.6cf49b4dff7f08e5045651a0b5cfdc59.jpg
0.22807017543859648,1.0,0.37142857139832647,0.019565739762053908,2,57,2,13,13286,13714,13286,2118,1.0,0.15444071751494823,IMG_4710_JPG.rf.8bb0296ccff147b4e22ac74c74957d95.jpg
0.07142857142857142,1.0,0.1333333333208889,0.4167366023258602,1,14,1,1,8320,6441,8320,3497,1.0,0.5429281167520571,DSC04138_JPG.rf.94fc9e0fd8b9950134adb3a618e849ad.jpg
1.0,1.0,0.99999999995,0.023323059016033387,2,5,2,5,252498,5854,252498,5854,1.0,1.0,DSC04285_JPG.rf.9aa8c6f2ad5ee02df911f41354fbd287.jpg
0.3375,1.0,0.5046728971585291,0.0636070782593575,27,80,27,27,53922,256440,53922,253040,1.0,0.9867415379815941,DSC04439_JPG.rf.7b32359e3ccab374f847b767af984036.jpg
0.6029411764705882,1.0,0.7522935779347192,0.030269011428958232,11,68,11,41,90661,18496,90661,16164,1.0,0.8739186851211073,IMG_4687_JPG.rf.fa7d6946fa4302b9103ad28a820d236d.jpg
0.4444444444444444,0.875,0.5894736841658503,0.09993925848669134,8,27,7,12,34295,5195,20743,4152,0.6048403557369879,0.7992300288739173,IMG_2416_JPG.rf.166da7b12f7ef480d0b566cb7939a0a7.jpg
0.37254901960784315,0.6904761904761905,0.48397013609852163,0.2384743301143955,42,102,29,38,22955,7598,18987,5881,0.827140056632542,0.7740194788102133,IMG_4865_JPG.rf.7798b64a1ae87a0e3055fedca6338784.jpg
0.1346153846153846,0.6363636363636364,0.22222222219339885,0.2108100251730096,11,52,7,7,24618,20911,22418,5303,0.9106344950848972,0.2535985844770695,IMG_2537_JPG.rf.56c1fa9e0cfde76467e68568493986b7.jpg
0.23529411764705882,1.0,0.38095238092154193,0.05824351603368067,5,68,5,16,38983,33086,38983,12730,1.0,0.3847548812186423,IMG_2157_JPG.rf.adb713024ab5cf69b421254d028e53f7.jpg
0.30864197530864196,1.0,0.4716981131715023,0.040887602835349354,20,162,20,50,39454,17271,39454,10854,1.0,0.6284523189161021,DSC04022_JPG.rf.506246f4e09c9b2d689b2de44c2bb49d.jpg
0.2962962962962963,1.0,0.45714285710759184,0.09200922604164777,12,27,12,8,78263,74661,78263,72701,1.0,0.9737480076612958,IMG_2152_JPG.rf.79202cea1c0fb30c3c0e86e88da41cb2.jpg
0.30434782608695654,1.0,0.4666666666308889,0.0684981389175052,4,23,4,7,53609,8859,53609,7778,1.0,0.8779771983293826,IMG_2014_JPG.rf.b726934b2dca56b19ca9e1f09315dc94.jpg
0.25,1.0,0.399999999968,0.0517413656212262,3,20,3,5,31052,4629,31052,3943,1.0,0.8518038453229639,IMG_2047_JPG.rf.cc23676acdf8da89346382d2e3caa8f5.jpg
0.7666666666666667,0.875,0.8172588831989488,0.05881485493338051,8,30,7,23,37163,11479,35892,10048,0.9657993165245001,0.875337572959317,IMG_2013_JPG.rf.c6320c097fdf4f790b683dc80e46d8f7.jpg
0.5752212389380531,1.0,0.7303370786053213,0.014785075888911918,8,113,8,65,151744,47525,151744,44559,1.0,0.9375907417148869,IMG_5021_JPG.rf.281b3ed7a06f15f6d83e780583080775.jpg
0.6413043478260869,0.8636363636363636,0.736047275065996,0.06526349033615501,22,92,19,59,80343,11982,78669,10641,0.9791643329225944,0.8880821231847772,IMG_2057_JPG.rf.81f0e2724d0107fecbf47503e7927724.jpg
0.46296296296296297,1.0,0.6329113923618009,0.08029246570747534,9,54,9,25,63129,16050,63129,14679,1.0,0.9145794392523364,IMG_2164_JPG.rf.4018587db82dafc9ca695e2812ba7fbd.jpg
0.7619047619047619,0.6923076923076923,0.7254408059954545,0.014353968445339812,13,63,9,48,100810,9096,99511,7660,0.9871143735740502,0.8421284080914688,DSC04217_JPG.rf.7be446e4561cb5bf11b2b323e2aae185.jpg
0.6782608695652174,1.0,0.808290155392252,0.02672427830199574,17,115,17,78,154366,25472,154366,23096,1.0,0.9067211055276382,DSC04047_JPG.rf.51196b4ff6f5f2df456ca629ddeed2ea.jpg
0.5571428571428572,0.8947368421052632,0.686690833717592,0.06679959797494227,19,70,17,39,91285,18299,73853,11948,0.809037629402421,0.652931854199683,DSC04209_JPG.rf.bf95f011115abc31de3ceb4baab5531f.jpg
0.8888888888888888,1.0,0.9411764705384082,0.021918707627565696,2,9,2,8,97248,4256,97248,4244,1.0,0.9971804511278195,DSC04288_JPG.rf.255b5cdae32cdad8c681548d8861f66c.jpg
0.5915492957746479,0.9285714285714286,0.7227001984964684,0.03191984292304357,14,71,13,42,79950,12680,78914,11058,0.9870419011882426,0.8720820189274447,IMG_4907_JPG.rf.beed906932927a55513ff88174d7d32d.jpg
0.6,1.0,0.7499999999531249,0.01967463584186772,4,30,4,18,214177,61687,214177,60142,1.0,0.9749542042893965,IMG_4940_JPG.rf.a4d4a98a5f417348bab929fc507eb6bc.jpg
0.23529411764705882,0.8888888888888888,0.3720930232227149,0.13815868024584105,9,34,8,8,16269,6573,15861,3668,0.9749216300940439,0.5580404685835996,IMG_2058_JPG.rf.e042f9c30b7f7b15f090b88b693d226f.jpg
0.7111111111111111,1.0,0.8311688311202563,0.07288991612299894,16,45,16,32,264626,11467,264626,10667,1.0,0.9302345862038894,IMG_4820_JPG.rf.d400f0f62982bea13f5e90f50d09ab6c.jpg
0.38461538461538464,1.0,0.5555555555154321,0.018723024680764647,2,13,2,5,58713,2934,58713,1769,1.0,0.6029311520109066,DSC04167_JPG.rf.bbee4a98003300897a26e1e8cd26a0e4.jpg
0.7241379310344828,0.75,0.7368421052131734,0.014705432224287157,8,29,6,21,352929,13811,259986,13208,0.7366524145083005,0.9563391499529361,IMG_4752_JPG.rf.0585a0554985de51fde7dcb219e88b3f.jpg
0.5666666666666667,0.5,0.5312499999501953,0.025063858501917398,8,30,4,17,145097,28760,83774,26237,0.5773654865365928,0.9122739916550765,DSC04267_JPG.rf.738a06fef6795eb01873dc3ff0b1f77b.jpg
0.16666666666666666,1.0,0.2857142856897959,0.19355307100333963,2,12,2,2,2132,6089,2132,473,1.0,0.07768106421415667,DSC04186_JPG.rf.e5e7d276098964e0d1580a36ad9499c7.jpg
0.16666666666666666,0.3333333333333333,0.22222222217777776,0.13951137320977253,3,6,1,1,28739,2682,11817,1709,0.41118340930442954,0.6372110365398956,IMG_4769_JPG.rf.5ee5cb912e10f66ce4464966aab5a47a.jpg
0.6404494382022472,0.9090909090909091,0.7514831904590836,0.03341147138285535,22,89,20,57,134860,17647,130781,16483,0.969753818775026,0.9340397801326005,DSC04325_JPG.rf.c757f03f65aae7458a5bc06d80f951df.jpg
0.25,0.6666666666666666,0.3636363635966942,0.006191255565710177,3,8,2,2,306080,2231,293890,1799,0.9601738107684266,0.8063648588077096,IMG_4764_JPG.rf.0ea13900d70d8af918d425a24e9d0775.jpg
0.43,0.875,0.5766283524462353,0.013105386634632439,8,100,7,43,116041,32992,110957,28151,0.9561878991046268,0.8532674587778856,IMG_5023_JPG.rf.79f5a5b8ca4ae1306fff30ccba7a8446.jpg
0.48717948717948717,0.4772727272727273,0.482175226536108,0.4332896824836587,44,39,21,19,15497,12461,7850,7505,0.5065496547718913,0.6022791108257765,IMG_2510_JPG.rf.3f770487ca222cc91fabe2d86c90a4a9.jpg
0.6111111111111112,1.0,0.7586206896080856,0.10514330327927403,6,18,6,11,62229,12969,62229,10422,1.0,0.8036086051353227,IMG_4853_JPG.rf.360badb3cf2a9e3a151dc69f0ea5be66.jpg
0.14705882352941177,0.75,0.2459016393168503,0.16766079580037524,12,68,9,10,21691,6226,13727,2199,0.6328431146558481,0.35319627369097334,IMG_2285_JPG.rf.7c4fb1420abf611736bdffcc92146a06.jpg
0.06666666666666667,1.0,0.12499999998828125,0.4303030303030303,1,15,1,1,7920,9788,7920,3408,1.0,0.3481814466693911,DSC04137_JPG.rf.00d9f5dff0533f3e58dcfc9d3d58e0e5.jpg
0.5106382978723404,1.0,0.676056337983416,0.011430962449961442,5,47,5,24,123458,11037,123458,5720,1.0,0.5182567726737338,IMG_2118_JPG.rf.71958c50547d9e5508cc1b919a0f83f6.jpg
0.2857142857142857,1.0,0.44444444440987657,0.10561450378505614,6,35,6,10,16581,5628,16581,2987,1.0,0.5307391613361763,IMG_2446_JPG.rf.b8f8a792ed570e62f4399c5cb31cadbb.jpg
0.7413793103448276,0.6363636363636364,0.6848691694610982,0.019351278205145667,11,58,7,43,113901,10995,112339,9022,0.9862863363798386,0.8205547976352887,IMG_4896_JPG.rf.7631d23d3c85eec1491316a2a8c9e845.jpg
0.4556213017751479,0.9629629629629629,0.6185694422551749,0.1666956016708977,54,169,52,77,77328,39395,74218,26893,0.9597817090833851,0.6826500824977789,DSC04354_JPG.rf.8ecb9f9e25e9be52f65cfc64a5af1600.jpg
0.2413793103448276,1.0,0.38888888885756173,0.013577720936953088,1,29,1,7,19780,5100,19780,2266,1.0,0.4443137254901961,IMG_4703_JPG.rf.42ea57e1a6aee82c4839e6e3649ce55a.jpg
0.4891304347826087,0.6666666666666666,0.5642633228351922,0.008030084037691048,9,92,6,45,70438,10231,69674,4173,0.9891535818734206,0.4078780177890724,DSC04220_JPG.rf.05e895396dd6d5c59988e56f07e882e5.jpg
0.8045977011494253,0.8888888888888888,0.8446455504780273,0.005601968712870412,9,87,8,70,223734,16623,219558,12664,0.9813349781436885,0.7618360103471095,DSC04324_JPG.rf.82e17fa8392ff2929f3fa305c51895d8.jpg
0.6470588235294118,1.0,0.7857142856665817,0.005333053443879114,3,102,3,66,118582,14633,118582,12620,1.0,0.8624342240142144,DSC04017_JPG.rf.9beeda1212c7c2a05f2d3f929f3d7082.jpg
0.5189873417721519,0.9166666666666666,0.6627479793807285,0.02787772164973397,12,79,11,41,95276,19206,83666,15585,0.8781434988874428,0.8114651671352703,IMG_4688_JPG.rf.e46970f463f39299f4f8ce5ba1b900d0.jpg
0.4090909090909091,1.0,0.5806451612491155,0.004014240290049888,3,88,3,36,120653,17152,120653,9211,1.0,0.5370219216417911,IMG_4722_JPG.rf.ebe02b521021e235407be19653451c34.jpg
0.2857142857142857,0.6666666666666666,0.399999999958,0.041390121770526526,3,21,2,6,16896,9739,13080,1392,0.7741477272727273,0.14293048567614744,IMG_2144_JPG.rf.25bcde733f0278352132e647726edc90.jpg
0.2,1.0,0.3333333333055556,0.22820250806589437,2,15,2,3,3692,2801,3692,1333,1.0,0.4759014637629418,IMG_4857_JPG.rf.28cffae94cc0f59049db3a65c4fcecd5.jpg
0.6363636363636364,1.0,0.7777777777302469,0.03641534940504944,3,11,3,7,57148,6705,57148,2600,1.0,0.3877703206562267,IMG_4969_JPG.rf.671564dcb0b65ed67f444c2026e7f2cc.jpg
0.8,1.0,0.8888888888395062,0.08937639946086331,5,10,5,8,70216,14264,70216,14116,1.0,0.9896242288278183,DSC04135_JPG.rf.80a648105ecd2098e608c00e4b3b7573.jpg
0.25225225225225223,1.0,0.4028776978095543,0.05489100784276907,13,111,13,28,27705,14902,27705,5957,1.0,0.39974500067105084,DSC04016_JPG.rf.bf662cfa564d87c8d1bc42e1d6265b05.jpg
0.45454545454545453,1.0,0.6249999999570313,0.03454366528868313,14,132,14,60,109196,34811,109196,27463,1.0,0.7889172962569303,DSC04046_JPG.rf.856f00e15decc073007391b52a764bf8.jpg
0.7037037037037037,0.8571428571428571,0.7728813558826865,0.02440393892093119,7,27,6,19,179475,11663,148899,10716,0.8296364396155453,0.9188030523878934,IMG_4933_JPG.rf.a631f8abb15c60eb013631a22c723b0b.jpg
0.43478260869565216,0.8803418803418803,0.5820853347960896,0.1508319176777688,117,161,103,70,110591,84021,103609,76966,0.9368664719552224,0.9160328965377703,IMG_5004_JPG.rf.3f46c594fb00d873f40015fb2a0e20c5.jpg
0.47058823529411764,0.8,0.5925925925459534,0.027996696443718976,5,34,4,16,156768,30663,136592,23842,0.8713002653602776,0.7775494896128885,IMG_4941_JPG.rf.30dba7283f284f427243cc6a8fc6eb99.jpg
0.40425531914893614,0.9473684210526315,0.5666942833052148,0.1005878465061734,19,94,18,38,92095,8001,91825,4638,0.9970682447472718,0.5796775403074615,DSC04149_JPG.rf.23a88cedba193cd08196be6f384d835d.jpg
0.6666666666666666,0.8888888888888888,0.7619047618557824,0.01055755994413209,9,45,8,30,106999,39583,99349,38788,0.9285040047103243,0.979915620342066,IMG_4944_JPG.rf.b80e9fca7d2fda83b26f7747789f1638.jpg
0.42105263157894735,1.0,0.5925925925508916,0.04929926475340035,3,19,3,8,24384,10230,24384,4197,1.0,0.41026392961876834,IMG_2016_JPG.rf.272de735584c8a2aa8764ec5992698b7.jpg
0.6313131313131313,0.9193548387096774,0.7485816347489516,0.042584133583216055,62,198,57,125,219897,101873,203119,96763,0.9237006416640519,0.9498395060516526,DSC04344_JPG.rf.9b3bcb8f84748f1bb9ed917a9dd5fb97.jpg
0.7741935483870968,0.75,0.7619047618547744,0.04703402102248275,20,62,15,48,137435,12547,124354,12034,0.9048204605813658,0.9591137323663027,IMG_4882_JPG.rf.3807e57834493492c9a82f27c92fce12.jpg
0.7692307692307693,1.0,0.8695652173421551,0.020540647505282273,7,65,7,50,180797,16114,180797,14662,1.0,0.9098920193620454,IMG_4893_JPG.rf.8a7edadd1047e8fa90720555612aa7fb.jpg
0.2,0.5,0.2857142856734694,0.028422818650697887,2,15,1,3,16578,3834,15456,1356,0.932319942091929,0.3536776212832551,IMG_4772_JPG.rf.ef476c998299c35b7fe6e6ddb7edc67f.jpg
0.5,1.0,0.6666666666222222,0.061097733111508984,6,24,6,12,39804,2508,39804,1943,1.0,0.7747208931419458,IMG_4607_JPG.rf.e9a4bba5879234cb0e1aafbe1b48bd46.jpg
0.5079365079365079,0.8333333333333334,0.6311637080397278,0.05595117274472521,18,63,15,32,95223,5243,84055,4055,0.8827174107095974,0.77341216860576,IMG_4900_JPG.rf.ff608da731caffc453ea43b16358b301.jpg
0.5,1.0,0.6666666666222222,0.08408050823857934,2,6,2,3,18290,4537,18290,2859,1.0,0.6301520828741459,IMG_4803_JPG.rf.4d80ead5bdbd3908ab4e6355dd5f45d3.jpg
0.2804878048780488,0.6666666666666666,0.3948497853660374,0.014338011892977983,6,82,4,23,93465,11094,55964,6627,0.5987695928957364,0.5973499188750676,IMG_4717_JPG.rf.9cab930d7d33733b2d0c1d2e09750c0f.jpg
0.717948717948718,1.0,0.8358208954737357,0.014907511936779682,4,39,4,28,126604,12419,126604,11225,1.0,0.9038569933166921,DSC04317_JPG.rf.44ad36331ad07e7f1d352515012afc65.jpg
0.59375,0.8636363636363636,0.7037037036554183,0.06441508452898223,22,64,19,38,31999,6769,31754,4684,0.9923435107347105,0.6919781356182597,DSC04224_JPG.rf.873eb37e8a09d91928744fa9466c4d85.jpg
0.47560975609756095,0.8,0.596558317352851,0.0048005582647810685,5,82,4,39,83728,9083,82832,4747,0.989298681444678,0.5226246834746229,DSC04225_JPG.rf.3b3393440b25527114d603d1a02307f1.jpg
0.5454545454545454,0.900990099009901,0.6795270690258274,0.15084059838538003,101,143,91,78,127431,87825,122598,82633,0.9620735927678509,0.9408824366638201,DSC04341_JPG.rf.f54f3934ce6273a58b1f993211205678.jpg
0.8620689655172413,0.9333333333333333,0.8962868117298484,0.05046259521629788,15,29,14,25,43308,2732,43116,2615,0.9955666389581601,0.9571742313323572,DSC04203_JPG.rf.5759c3369706b8705331093697d0798f.jpg
0.6085271317829457,0.9487179487179487,0.7414640372234308,0.04086286385859779,39,258,37,157,163870,47337,161600,42306,0.9861475559895039,0.8937195006020661,DSC04396_JPG.rf.c87a6e7591dca06051242bb6d53da878.jpg
0.4492753623188406,0.75,0.5619335346963463,0.006913129711017977,4,69,3,31,60281,11555,60011,7805,0.9955209767588461,0.6754651665945478,IMG_4890_JPG.rf.0b81b1cfc5af4f52ca3bb3dc3d390250.jpg
0.640625,0.9629629629629629,0.7693973294359612,0.10484487233453185,27,64,26,41,37581,9589,37425,8249,0.9958489662329368,0.860256543956617,DSC04215_JPG.rf.91353d788a1bae5792e77ae8bafc8e8e.jpg
0.9454545454545454,1.0,0.9719626167724692,0.016137040297323352,8,55,8,52,140202,7104,140202,7060,1.0,0.9938063063063063,IMG_5030_JPG.rf.2f11221d83ee4ed496d420225350d19b.jpg
0.3,0.4444444444444444,0.35820895517576296,0.011419037880650811,9,100,4,30,79746,19447,46515,9661,0.5832894439846512,0.4967861366791793,IMG_4716_JPG.rf.f7be9262ff0e4119da3d549b19b8f4c7.jpg
0.5562913907284768,1.0,0.7148936169753408,0.015042844799960604,10,151,10,84,122019,36087,122019,30010,1.0,0.8316014077091474,IMG_5063_JPG.rf.744c6fd7045f7ebc3f1b4cf9a249e009.jpg
0.4603174603174603,0.7391304347826086,0.5673187571448766,0.07399702595623506,23,63,17,29,53596,9573,47079,7788,0.8784051048585715,0.8135380758382952,IMG_4903_JPG.rf.276f030a323fdd23bb01a573bc1d03d9.jpg
0.5,1.0,0.6666666666222222,0.08578899583587435,7,18,7,9,47973,9022,47973,6439,1.0,0.7136998448237641,DSC04170_JPG.rf.fa4f33f0dae4dfdea511446d60cc8c59.jpg
0.4,0.75,0.5217391303894141,0.011334262155247526,8,30,6,12,43757,46459,40051,43781,0.9153049797746646,0.9423577778256097,DSC04277_JPG.rf.9316fe316a8be91144f3624c826d90f6.jpg
0.3287671232876712,1.0,0.4948453607875013,0.04415438726990949,7,73,7,24,58020,16359,58020,12346,1.0,0.7546916070664466,IMG_4712_JPG.rf.4826f608d2dcbbb5f5587c2fe7bcf6e4.jpg
0.4842105263157895,1.0,0.6524822694595845,0.008846646863661779,3,95,3,46,143080,61476,143080,46675,1.0,0.7592393779686382,IMG_2359_JPG.rf.ebaa1d35fc45a919bfd256666bd758f3.jpg
0.43478260869565216,0.46296296296296297,0.4484304932235919,0.4324392496407009,54,46,25,20,13772,33414,6698,5087,0.4863491141446413,0.1522415753875621,IMG_2524_JPG.rf.e4d6c2be66283aef4b19ab973a79575e.jpg
0.8,1.0,0.8888888888395062,0.021959701755098177,2,5,2,4,16755,319,16755,297,1.0,0.9310344827586207,IMG_4590_JPG.rf.3e67f39e8f6c92ea14e43a46d7cf2d38.jpg
0.6785714285714286,0.8333333333333334,0.7480314960135162,0.016082467891992646,6,28,5,19,138721,4646,116281,3202,0.8382364602331298,0.6891950064571675,IMG_4774_JPG.rf.53f52cd4d8fd117c29b5f9bed8abf825.jpg
0.4375,0.3,0.3559322033415685,0.1376621601164516,10,16,3,7,27026,18434,22649,7785,0.8380448457041367,0.42231745687316913,IMG_2525_JPG.rf.eb549c33af4ac863bbdd14e951f7dfbe.jpg
0.8181818181818182,1.0,0.8999999999505,0.011408238269851975,2,11,2,9,165092,4696,165092,4672,1.0,0.9948892674616695,DSC04289_JPG.rf.11bb6598ece665cb117f85252f702c5f.jpg
0.5396825396825397,0.6666666666666666,0.5964912280207294,0.030205562156967236,15,63,10,34,74580,8886,71116,6216,0.9535532314293377,0.699527346387576,DSC04229_JPG.rf.a5e43ad91e2e958398b937d27833ab3a.jpg
0.3484848484848485,0.8181818181818182,0.48878394328750213,0.03041158396410259,11,66,9,23,39669,9318,34851,6512,0.8785449595401951,0.6988624168276454,DSC04009_JPG.rf.51a535bb1a033800e47731437b75c22d.jpg
0.5269461077844312,0.8333333333333334,0.6456346294463005,0.07266237678309914,48,167,40,88,186981,85874,177876,81655,0.951305212829111,0.95086987912523,IMG_5005_JPG.rf.8aab58bb118c17dc88f0b2a65348ea78.jpg
0.4268292682926829,0.8,0.5566600397160576,0.013128710576420797,5,82,4,35,105981,17093,104792,13324,0.9887810079165134,0.7795003802726262,IMG_4723_JPG.rf.d78bae67783f74ef93b430f365e6c857.jpg
0.6333333333333333,0.7142857142857143,0.6713780918229719,0.02972561279026747,7,30,5,19,194839,24310,150476,23215,0.7723094452342704,0.9549568078979843,IMG_4935_JPG.rf.853702d77702b54cedaec9058af1789f.jpg
0.5967741935483871,0.8235294117647058,0.6920507681543472,0.04265263660639686,17,62,14,37,141940,10848,120954,9614,0.8521487952656052,0.8862463126843658,IMG_4906_JPG.rf.b568531dad3a76aa5c244e78a57defca.jpg
0.5064935064935064,0.5483870967741935,0.5266084193305394,0.036686106305002235,31,77,17,39,92943,9989,87975,7174,0.9465478841870824,0.7181900090099109,DSC04214_JPG.rf.a7193c62281fa34ac61e0d7a3fe151de.jpg
